DBID1,DBID2,label
DB01108,DB00381,0
DB01108,DB00381,0
DB01108,DB01611,0
DB01108,DB01097,0
DB00381,DB01611,0
DB00381,DB01097,0
DB01611,DB01097,0
DB00898,DB00898,0
DB00999,DB09338,0
DB00999,DB01108,0
DB00999,DB00783,0
DB09338,DB01108,0
DB09338,DB00783,0
DB01108,DB00783,0
DB01110,DB00381,1
DB00381,DB00518,1
DB00898,DB00898,0
DB00518,DB00518,0
DB00759,DB00759,0
DB00982,DB00982,0
DB00640,DB00381,0
DB00640,DB01110,0
DB00381,DB01110,0
DB00640,DB00640,0
DB01438,DB00404,1
DB00472,DB09536,0
DB00472,DB00781,0
DB09536,DB00781,0
DB01234,DB00819,0
DB01058,DB01058,0
DB01058,DB00819,0
DB01058,DB00819,1
DB11079,DB00683,0
DB00381,DB00518,0
DB00736,DB01511,0
DB00899,DB00630,1
DB00518,DB00683,1
DB00518,DB01086,1
DB00683,DB01086,0
DB01086,DB00518,1
DB01086,DB00518,0
DB01086,DB00518,0
DB00518,DB00518,0
DB00518,DB00518,0
DB00518,DB00518,0
DB00518,DB00518,0
DB00518,DB00518,0
DB01029,DB00518,1
DB00518,DB00518,0
DB00518,DB00518,0
DB00523,DB00548,1
DB00495,DB00781,0
DB00495,DB00523,0
DB00781,DB00523,0
DB00266,DB09154,0
DB00266,DB00266,0
DB09154,DB00266,0
DB00381,DB00381,0
DB00319,DB01060,0
DB00381,DB00531,0
DB00381,DB00381,0
DB00531,DB00381,0
DB00531,DB01168,0
DB00531,DB00888,0
DB01168,DB00888,0
DB00672,DB00672,0
DB00548,DB01171,0
DB00548,DB00918,0
DB01171,DB00918,1
DB00742,DB00918,0
DB00918,DB00918,0
DB00918,DB00918,0
DB00918,DB00918,0
DB00918,DB00918,0
DB00918,DB00918,0
DB00518,DB00518,0
DB00543,DB00518,1
DB00518,DB00781,1
DB00518,DB00381,0
DB00404,DB00555,1
DB00404,DB00548,1
DB00404,DB00898,1
DB00555,DB00548,0
DB00555,DB00898,0
DB00548,DB00898,0
DB00404,DB00404,0
DB00404,DB00404,0
DB00404,DB00404,0
DB00404,DB00404,0
DB00404,DB00404,0
DB00404,DB00404,0
DB00404,DB00404,0
DB00783,DB00404,1
DB00404,DB00404,0
DB00404,DB00404,0
DB00404,DB00404,0
DB00404,DB00404,0
DB00404,DB00781,0
DB00404,DB00404,0
DB00404,DB00404,0
DB00404,DB00404,0
DB00404,DB00781,0
DB00404,DB00404,0
DB00404,DB00404,0
DB00404,DB00781,0
DB00404,DB00404,0
DB00404,DB00781,0
DB00404,DB00781,1
DB00404,DB00404,0
DB00404,DB01118,1
DB00404,DB00670,1
DB01118,DB00670,0
DB00770,DB00518,0
DB00488,DB00458,1
DB00488,DB00488,0
DB00458,DB00488,0
DB01143,DB01511,1
DB00381,DB09338,0
DB01086,DB00819,1
DB00381,DB00759,0
DB00381,DB00855,1
DB00759,DB00855,1
DB00152,DB00233,1
DB01118,DB01118,0
DB01118,DB01118,0
DB01118,DB01118,0
DB01118,DB01118,0
DB01118,DB01118,0
DB05381,DB01118,0
DB01118,DB01118,0
DB01118,DB01118,0
DB00641,DB01118,0
DB01118,DB00518,1
DB00548,DB01118,0
DB01118,DB01118,0
DB01118,DB01118,0
DB01511,DB01118,0
DB09154,DB01118,0
DB01118,DB09154,0
DB06155,DB01118,0
DB01118,DB01118,0
DB01118,DB01118,0
DB01118,DB01118,0
DB01118,DB01118,0
DB01118,DB01118,0
DB01118,DB01118,0
DB01118,DB00363,0
DB01118,DB01118,0
DB00363,DB01118,0
DB01118,DB00781,0
DB00458,DB00458,0
DB00822,DB00122,0
DB00822,DB01086,0
DB00122,DB01086,0
DB00458,DB00122,1
DB00458,DB06155,0
DB00458,DB00122,0
DB00458,DB00201,0
DB00122,DB00201,0
DB00458,DB00458,0
DB01108,DB00927,0
DB00518,DB00518,0
DB01099,DB01099,0
DB00548,DB00548,0
DB00781,DB00778,0
DB00781,DB00759,0
DB00781,DB01511,0
DB00778,DB00759,0
DB00778,DB01511,1
DB00759,DB01511,1
DB00224,DB00701,1
DB01232,DB00701,1
DB00220,DB00701,1
DB11609,DB00701,0
DB00701,DB00701,0
DB00261,DB00261,0
DB00261,DB01592,0
DB00261,DB01005,0
DB01592,DB01005,0
DB01427,DB01166,0
DB01427,DB00261,1
DB01166,DB00261,1
DB09154,DB00736,1
DB09154,DB00736,1
DB09154,DB00898,1
DB09154,DB05381,1
DB09154,DB00475,1
DB09154,DB09338,1
DB09154,DB01437,1
DB09154,DB00783,1
DB09154,DB09462,1
DB09154,DB00682,1
DB00736,DB00898,0
DB00736,DB05381,0
DB00736,DB00475,0
DB00736,DB09338,0
DB00736,DB01437,0
DB00736,DB00783,0
DB00736,DB09462,0
DB00736,DB00682,0
DB00898,DB05381,0
DB00898,DB00475,0
DB00898,DB09338,0
DB00898,DB01437,0
DB00898,DB00783,0
DB00898,DB09462,0
DB00898,DB00682,0
DB05381,DB00475,0
DB05381,DB09338,0
DB05381,DB01437,0
DB05381,DB00783,0
DB05381,DB09462,0
DB05381,DB00682,0
DB00475,DB09338,0
DB00475,DB01437,0
DB00475,DB00783,0
DB00475,DB09462,0
DB00475,DB00682,0
DB09338,DB01437,0
DB09338,DB00783,0
DB09338,DB09462,0
DB09338,DB00682,0
DB01437,DB00783,0
DB01437,DB09462,0
DB01437,DB00682,0
DB00783,DB09462,0
DB00783,DB00682,0
DB09462,DB00682,0
DB09154,DB00898,1
DB09154,DB00898,1
DB09154,DB00233,1
DB09154,DB01118,1
DB09154,DB00781,1
DB09154,DB01511,1
DB09154,DB00518,1
DB09154,DB00822,1
DB09154,DB01511,1
DB09154,DB01086,1
DB09154,DB00784,1
DB09154,DB00548,1
DB09154,DB00779,1
DB09154,DB00806,1
DB09154,DB06691,1
DB09154,DB01086,1
DB09154,DB00819,1
DB09154,DB00979,1
DB09154,DB00605,1
DB09154,DB00682,1
DB00898,DB00233,0
DB00898,DB01118,0
DB00898,DB00781,0
DB00898,DB01511,0
DB00898,DB00518,0
DB00898,DB00822,0
DB00898,DB01511,0
DB00898,DB01086,0
DB00898,DB00784,0
DB00898,DB00548,0
DB00898,DB00779,0
DB00898,DB00806,0
DB00898,DB06691,0
DB00898,DB01086,0
DB00898,DB00819,0
DB00898,DB00979,0
DB00898,DB00605,0
DB00898,DB00682,0
DB00233,DB01118,0
DB00233,DB00781,0
DB00233,DB01511,0
DB00233,DB00518,0
DB00233,DB00822,0
DB00233,DB01511,0
DB00233,DB01086,0
DB00233,DB00784,0
DB00233,DB00548,0
DB00233,DB00779,0
DB00233,DB00806,0
DB00233,DB06691,0
DB00233,DB01086,0
DB00233,DB00819,0
DB00233,DB00979,0
DB00233,DB00605,0
DB00233,DB00682,0
DB01118,DB00781,0
DB01118,DB01511,0
DB01118,DB00518,0
DB01118,DB00822,0
DB01118,DB01511,0
DB01118,DB01086,0
DB01118,DB00784,0
DB01118,DB00548,0
DB01118,DB00779,0
DB01118,DB00806,0
DB01118,DB06691,0
DB01118,DB01086,0
DB01118,DB00819,0
DB01118,DB00979,0
DB01118,DB00605,0
DB01118,DB00682,0
DB00781,DB01511,0
DB00781,DB00518,0
DB00781,DB00822,0
DB00781,DB01511,0
DB00781,DB01086,0
DB00781,DB00784,0
DB00781,DB00548,0
DB00781,DB00779,0
DB00781,DB00806,0
DB00781,DB06691,0
DB00781,DB01086,0
DB00781,DB00819,0
DB00781,DB00979,0
DB00781,DB00605,0
DB00781,DB00682,0
DB01511,DB00518,0
DB01511,DB00822,0
DB01511,DB01511,0
DB01511,DB01086,0
DB01511,DB00784,0
DB01511,DB00548,0
DB01511,DB00779,0
DB01511,DB00806,0
DB01511,DB06691,0
DB01511,DB01086,0
DB01511,DB00819,0
DB01511,DB00979,0
DB01511,DB00605,0
DB01511,DB00682,0
DB00518,DB00822,0
DB00518,DB01511,0
DB00518,DB01086,0
DB00518,DB00784,0
DB00518,DB00548,0
DB00518,DB00779,0
DB00518,DB00806,0
DB00518,DB06691,0
DB00518,DB01086,0
DB00518,DB00819,0
DB00518,DB00979,0
DB00518,DB00605,0
DB00518,DB00682,0
DB00822,DB01511,0
DB00822,DB01086,0
DB00822,DB00784,0
DB00822,DB00548,0
DB00822,DB00779,0
DB00822,DB00806,0
DB00822,DB06691,0
DB00822,DB01086,0
DB00822,DB00819,0
DB00822,DB00979,0
DB00822,DB00605,0
DB00822,DB00682,0
DB01511,DB01086,0
DB01511,DB00784,0
DB01511,DB00548,0
DB01511,DB00779,0
DB01511,DB00806,0
DB01511,DB06691,0
DB01511,DB01086,0
DB01511,DB00819,0
DB01511,DB00979,0
DB01511,DB00605,0
DB01511,DB00682,0
DB01086,DB00784,0
DB01086,DB00548,0
DB01086,DB00779,0
DB01086,DB00806,0
DB01086,DB06691,0
DB01086,DB01086,0
DB01086,DB00819,0
DB01086,DB00979,0
DB01086,DB00605,0
DB01086,DB00682,0
DB00784,DB00548,0
DB00784,DB00779,0
DB00784,DB00806,0
DB00784,DB06691,0
DB00784,DB01086,0
DB00784,DB00819,0
DB00784,DB00979,0
DB00784,DB00605,0
DB00784,DB00682,0
DB00548,DB00779,0
DB00548,DB00806,0
DB00548,DB06691,0
DB00548,DB01086,0
DB00548,DB00819,0
DB00548,DB00979,0
DB00548,DB00605,0
DB00548,DB00682,0
DB00779,DB00806,0
DB00779,DB06691,0
DB00779,DB01086,0
DB00779,DB00819,0
DB00779,DB00979,0
DB00779,DB00605,0
DB00779,DB00682,0
DB00806,DB06691,0
DB00806,DB01086,0
DB00806,DB00819,0
DB00806,DB00979,0
DB00806,DB00605,0
DB00806,DB00682,0
DB06691,DB01086,0
DB06691,DB00819,0
DB06691,DB00979,0
DB06691,DB00605,0
DB06691,DB00682,0
DB01086,DB00819,0
DB01086,DB00979,0
DB01086,DB00605,0
DB01086,DB00682,0
DB00819,DB00979,0
DB00819,DB00605,0
DB00819,DB00682,0
DB00979,DB00605,0
DB00979,DB00682,0
DB00605,DB00682,0
DB00555,DB09154,0
DB00381,DB00518,0
DB00714,DB00714,0
DB00714,DB00889,0
DB00714,DB00757,0
DB00714,DB00518,0
DB00714,DB00889,1
DB00714,DB00757,1
DB00714,DB00518,1
DB00889,DB00757,0
DB00889,DB00518,0
DB00757,DB00518,0
DB01511,DB01511,0
DB00988,DB00714,0
DB00988,DB00988,0
DB00988,DB00988,0
DB00988,DB01511,0
DB00988,DB00714,0
DB00714,DB00988,0
DB00714,DB00988,0
DB00714,DB01511,0
DB00714,DB00714,0
DB00988,DB00988,0
DB00988,DB01511,0
DB00988,DB00714,0
DB00988,DB01511,0
DB00988,DB00714,0
DB01511,DB00714,1
DB00575,DB01626,1
DB00964,DB00898,1
DB00964,DB01086,1
DB00898,DB01086,0
DB00575,DB01511,1
DB00673,DB00682,1
DB00673,DB00673,0
DB00673,DB00889,0
DB01108,DB01234,0
DB01108,DB00673,0
DB01108,DB00673,0
DB01234,DB00673,0
DB01234,DB00673,0
DB00673,DB00673,0
DB00673,DB00673,0
DB00673,DB00673,0
DB00673,DB00682,0
DB00673,DB00682,0
DB00673,DB00682,0
DB00673,DB00673,0
DB00682,DB00682,0
DB00682,DB00682,0
DB00682,DB00673,0
DB00682,DB00682,0
DB00682,DB00673,0
DB00682,DB00673,1
DB00673,DB00673,0
DB00783,DB00673,0
DB00783,DB00673,1
DB00673,DB00783,1
DB00683,DB00673,0
DB00683,DB00673,0
DB00673,DB00673,0
DB00404,DB09096,0
DB00404,DB00673,1
DB09096,DB00673,1
DB00673,DB00673,0
DB00673,DB00673,0
DB00673,DB00673,0
DB00673,DB00673,1
DB00673,DB00673,0
DB00673,DB00673,0
DB00673,DB00673,0
DB00673,DB00673,0
DB00673,DB00673,0
DB00673,DB00673,0
DB00673,DB00673,0
DB00673,DB00673,0
DB00673,DB00673,0
DB00381,DB01102,0
DB00381,DB01102,1
DB00381,DB01102,0
DB00458,DB00122,0
DB00458,DB00518,0
DB00458,DB01102,0
DB00122,DB00518,0
DB00122,DB01102,0
DB00518,DB01102,0
DB01511,DB01274,1
DB01108,DB09338,0
DB01108,DB01511,1
DB09338,DB01511,1
DB01274,DB00548,1
DB01274,DB00458,1
DB01274,DB01511,0
DB00548,DB00458,0
DB00548,DB01511,1
DB00458,DB01511,1
DB01274,DB01274,0
DB01274,DB01274,0
DB01511,DB01274,1
DB00278,DB00278,0
DB00278,DB00278,0
DB00278,DB00278,0
DB00278,DB00278,0
DB00381,DB00278,0
DB00381,DB00278,0
DB00381,DB00381,0
DB00278,DB00381,0
DB00278,DB00381,1
DB00819,DB01238,0
DB00819,DB01110,0
DB00819,DB00898,0
DB01238,DB01110,1
DB01238,DB00898,1
DB01110,DB00898,0
DB00819,DB00381,1
DB01238,DB00819,0
DB00819,DB00819,0
DB00819,DB00819,0
DB00819,DB00819,0
DB00819,DB00819,0
DB00819,DB00819,0
DB00819,DB01238,0
DB00819,DB01238,0
DB00819,DB00819,0
DB01238,DB00819,0
DB00898,DB00819,0
DB00898,DB00898,0
DB00898,DB00898,0
DB00819,DB00898,0
DB00819,DB00898,0
DB00898,DB00898,0
DB00898,DB01238,1
DB01169,DB09338,1
DB00518,DB00518,0
DB00778,DB00778,0
DB00518,DB00289,0
DB00518,DB00518,0
DB00518,DB00518,0
DB00289,DB00518,1
DB00289,DB00518,0
DB00518,DB00518,0
DB00289,DB00289,0
DB00289,DB00289,0
DB01435,DB06155,0
DB01117,DB01117,0
DB00781,DB00548,0
DB00732,DB00781,1
DB00732,DB00548,1
DB00781,DB00548,0
DB00202,DB00732,1
DB00732,DB00202,1
DB00859,DB00704,0
DB00859,DB00859,0
DB00704,DB00859,0
DB01626,DB05381,1
DB05381,DB00898,1
DB05381,DB00458,1
DB00898,DB00458,0
DB01110,DB01110,0
DB00852,DB00900,0
DB00852,DB00625,0
DB00852,DB09096,0
DB00900,DB00625,0
DB00900,DB09096,0
DB00625,DB09096,0
DB08795,DB00955,1
DB08795,DB00684,1
DB00955,DB00684,0
DB01014,DB00781,0
DB01014,DB00244,0
DB00781,DB00244,0
DB00518,DB05381,0
DB00518,DB09338,0
DB00518,DB00518,0
DB05381,DB09338,0
DB05381,DB00518,0
DB09338,DB00518,0
DB09338,DB09338,0
DB09338,DB01054,0
DB09338,DB01054,1
DB01054,DB09338,0
DB01054,DB01054,0
DB09338,DB01054,1
DB01054,DB00310,0
DB01054,DB00381,0
DB01054,DB09338,0
DB00381,DB09338,0
DB01086,DB02701,0
DB00548,DB00548,1
DB00182,DB01511,1
DB00182,DB00458,1
DB00898,DB01050,0
DB09462,DB01244,0
DB00381,DB01244,0
DB00381,DB00381,0
DB01244,DB00381,0
DB01244,DB00381,0
DB01244,DB00381,0
DB00195,DB00310,0
DB00195,DB09154,0
DB00307,DB00307,0
DB00307,DB00307,0
DB01128,DB09154,1
DB00122,DB00609,0
DB00122,DB11079,1
DB00122,DB00458,1
DB00122,DB05381,1
DB00609,DB11079,1
DB00609,DB00458,1
DB00609,DB05381,1
DB11079,DB00458,0
DB11079,DB05381,0
DB00458,DB05381,0
DB00612,DB00381,1
DB00612,DB00548,1
DB00612,DB00670,1
DB00612,DB00381,1
DB00612,DB00548,1
DB00548,DB00670,0
DB00548,DB00381,0
DB00548,DB00548,0
DB00670,DB00381,0
DB00670,DB00548,0
DB00381,DB00548,0
DB00612,DB00612,0
DB01108,DB01108,0
DB00006,DB00518,0
DB00781,DB09338,0
DB00518,DB00783,0
DB00518,DB00559,0
DB00518,DB00518,0
DB00518,DB00977,0
DB00783,DB00559,0
DB00783,DB00518,0
DB00783,DB00977,0
DB00559,DB00518,0
DB00559,DB00977,1
DB00518,DB00977,0
DB00518,DB00559,1
DB00091,DB00559,0
DB00559,DB00091,1
DB00559,DB00091,1
DB00559,DB00091,1
DB00559,DB00559,0
DB00559,DB00381,0
DB00559,DB00381,1
DB00559,DB00559,0
DB00559,DB00559,0
DB00641,DB00559,0
DB00559,DB00559,0
DB00393,DB00678,0
DB00393,DB00559,0
DB00393,DB00393,0
DB00393,DB00678,0
DB00393,DB00559,0
DB00678,DB00559,0
DB00678,DB00393,0
DB00678,DB00678,0
DB00678,DB00559,0
DB00559,DB00393,0
DB00559,DB00678,0
DB00559,DB00559,0
DB00393,DB00678,0
DB00393,DB00559,0
DB00678,DB00559,0
DB00548,DB00593,0
DB00548,DB00593,0
DB00548,DB00462,0
DB00484,DB00898,1
DB00484,DB01086,1
DB00898,DB01086,0
DB00458,DB00484,0
DB01194,DB01194,0
DB01194,DB09462,0
DB01194,DB09462,0
DB01194,DB01194,0
DB00405,DB00898,1
DB00405,DB05381,0
DB00405,DB00122,1
DB00405,DB05381,0
DB00405,DB00548,1
DB00405,DB05381,0
DB00405,DB05381,0
DB00898,DB05381,0
DB00898,DB00122,0
DB00898,DB05381,0
DB00898,DB00548,0
DB00898,DB05381,0
DB00898,DB05381,0
DB05381,DB00122,0
DB05381,DB05381,0
DB05381,DB00548,0
DB05381,DB05381,0
DB05381,DB05381,0
DB00122,DB05381,0
DB00122,DB00548,0
DB00122,DB05381,0
DB00122,DB05381,0
DB05381,DB00548,0
DB05381,DB05381,0
DB05381,DB05381,0
DB00548,DB05381,0
DB00548,DB05381,0
DB05381,DB05381,0
DB00898,DB05381,0
DB00898,DB00122,0
DB00898,DB05381,0
DB00898,DB00548,0
DB00898,DB05381,0
DB00898,DB05381,0
DB05381,DB00122,0
DB05381,DB05381,0
DB05381,DB00548,0
DB05381,DB05381,0
DB05381,DB05381,0
DB00122,DB05381,0
DB00122,DB00548,0
DB00122,DB05381,0
DB00122,DB05381,0
DB05381,DB00548,0
DB05381,DB05381,0
DB05381,DB05381,0
DB00548,DB05381,0
DB00548,DB05381,0
DB05381,DB05381,0
DB01110,DB01260,1
DB00328,DB00328,0
DB01511,DB01511,0
DB01086,DB00548,0
DB01086,DB00458,0
DB00548,DB00458,0
DB00781,DB00921,0
DB00781,DB01183,0
DB00921,DB01183,0
DB00921,DB01183,0
DB01183,DB00921,0
DB01156,DB01156,0
DB01156,DB01173,1
DB01156,DB00531,1
DB01173,DB00531,0
DB01156,DB01156,0
DB00458,DB00734,0
DB01626,DB01626,0
DB01156,DB00458,1
DB01156,DB01108,1
DB00458,DB01108,0
DB00898,DB00898,0
DB00898,DB00898,0
DB00898,DB01156,0
DB00898,DB00898,0
DB00898,DB01156,0
DB00898,DB01156,1
DB00898,DB01156,1
DB00490,DB01626,1
DB00490,DB00490,0
DB00490,DB00490,0
DB01626,DB00490,0
DB01626,DB00490,0
DB00490,DB00490,0
DB00656,DB00656,0
DB00656,DB00490,1
DB00656,DB00490,1
DB00904,DB00889,0
DB00904,DB00889,0
DB00904,DB01008,0
DB00889,DB00889,0
DB00889,DB01008,0
DB00889,DB01008,0
DB01008,DB01008,0
DB00783,DB00783,0
DB00241,DB00548,1
DB00241,DB11079,1
DB00241,DB00898,1
DB00241,DB01086,1
DB00241,DB00683,1
DB00241,DB00475,1
DB11079,DB00898,0
DB11079,DB01086,0
DB11079,DB00683,0
DB11079,DB00475,0
DB00898,DB01086,0
DB00898,DB00683,0
DB00898,DB00475,0
DB01086,DB00683,0
DB01086,DB00475,0
DB00683,DB00475,0
DB01091,DB01091,0
DB00898,DB00683,0
DB00898,DB05381,0
DB00683,DB05381,0
DB00611,DB06711,0
DB00611,DB06711,1
DB00136,DB00548,0
DB00548,DB00136,0
DB00999,DB00999,0
DB00999,DB00548,1
DB00518,DB00548,0
DB00518,DB00518,0
DB00548,DB00518,1
DB01108,DB01108,0
DB01378,DB01378,0
DB01378,DB00548,0
DB01378,DB00548,1
DB00136,DB00548,0
DB00548,DB00136,0
DB00999,DB00999,0
DB00999,DB00548,1
DB00518,DB00548,0
DB00518,DB00518,0
DB00548,DB00518,1
DB01108,DB01108,0
DB01378,DB01378,0
DB01378,DB00548,0
DB01378,DB00548,1
DB01326,DB00518,0
DB01326,DB00433,0
DB00518,DB00433,0
DB00783,DB00977,0
DB06723,DB00518,0
DB06723,DB01101,0
DB00518,DB01101,0
DB01101,DB00946,1
DB11596,DB00544,0
DB09338,DB09338,0
DB09338,DB09338,0
DB09338,DB09338,0
DB09338,DB00999,0
DB00381,DB00381,0
DB00564,DB01406,1
DB00564,DB00627,1
DB00564,DB02701,1
DB00564,DB01369,1
DB01406,DB00627,0
DB01406,DB02701,0
DB01406,DB01369,0
DB00627,DB02701,0
DB00627,DB01369,0
DB02701,DB01369,0
DB00564,DB00564,0
DB00564,DB00949,1
DB00564,DB00564,0
DB00564,DB00564,0
DB00949,DB00564,0
DB00949,DB00564,0
DB00564,DB00564,0
DB00564,DB00404,1
DB00564,DB00349,1
DB00564,DB01068,1
DB00564,DB00670,1
DB00564,DB00266,1
DB00564,DB00593,1
DB00564,DB00949,1
DB00564,DB00381,1
DB00564,DB00736,1
DB00564,DB00555,1
DB00564,DB00363,1
DB00564,DB00783,1
DB00564,DB00776,1
DB00564,DB01058,1
DB00564,DB01224,1
DB00564,DB00734,1
DB00564,DB00273,1
DB00564,DB00441,1
DB00564,DB09096,1
DB00564,DB00909,1
DB00404,DB00349,0
DB00404,DB01068,0
DB00404,DB00670,0
DB00404,DB00266,0
DB00404,DB00593,0
DB00404,DB00949,0
DB00404,DB00381,0
DB00404,DB00736,0
DB00404,DB00555,0
DB00404,DB00363,0
DB00404,DB00783,0
DB00404,DB00776,0
DB00404,DB01058,0
DB00404,DB01224,0
DB00404,DB00734,0
DB00404,DB00273,0
DB00404,DB00441,0
DB00404,DB09096,0
DB00404,DB00909,0
DB00349,DB01068,0
DB00349,DB00670,0
DB00349,DB00266,0
DB00349,DB00593,0
DB00349,DB00949,0
DB00349,DB00381,0
DB00349,DB00736,0
DB00349,DB00555,0
DB00349,DB00363,0
DB00349,DB00783,0
DB00349,DB00776,0
DB00349,DB01058,0
DB00349,DB01224,0
DB00349,DB00734,0
DB00349,DB00273,0
DB00349,DB00441,0
DB00349,DB09096,0
DB00349,DB00909,0
DB01068,DB00670,0
DB01068,DB00266,0
DB01068,DB00593,0
DB01068,DB00949,0
DB01068,DB00381,0
DB01068,DB00736,0
DB01068,DB00555,0
DB01068,DB00363,0
DB01068,DB00783,0
DB01068,DB00776,0
DB01068,DB01058,0
DB01068,DB01224,0
DB01068,DB00734,0
DB01068,DB00273,0
DB01068,DB00441,0
DB01068,DB09096,0
DB01068,DB00909,0
DB00670,DB00266,0
DB00670,DB00593,0
DB00670,DB00949,0
DB00670,DB00381,0
DB00670,DB00736,0
DB00670,DB00555,0
DB00670,DB00363,0
DB00670,DB00783,0
DB00670,DB00776,0
DB00670,DB01058,0
DB00670,DB01224,0
DB00670,DB00734,0
DB00670,DB00273,0
DB00670,DB00441,0
DB00670,DB09096,0
DB00670,DB00909,0
DB00266,DB00593,0
DB00266,DB00949,0
DB00266,DB00381,0
DB00266,DB00736,0
DB00266,DB00555,0
DB00266,DB00363,0
DB00266,DB00783,0
DB00266,DB00776,0
DB00266,DB01058,0
DB00266,DB01224,0
DB00266,DB00734,0
DB00266,DB00273,0
DB00266,DB00441,0
DB00266,DB09096,0
DB00266,DB00909,0
DB00593,DB00949,0
DB00593,DB00381,0
DB00593,DB00736,0
DB00593,DB00555,0
DB00593,DB00363,0
DB00593,DB00783,0
DB00593,DB00776,0
DB00593,DB01058,0
DB00593,DB01224,0
DB00593,DB00734,0
DB00593,DB00273,0
DB00593,DB00441,0
DB00593,DB09096,0
DB00593,DB00909,0
DB00949,DB00381,0
DB00949,DB00736,0
DB00949,DB00555,0
DB00949,DB00363,0
DB00949,DB00783,0
DB00949,DB00776,0
DB00949,DB01058,0
DB00949,DB01224,0
DB00949,DB00734,0
DB00949,DB00273,0
DB00949,DB00441,0
DB00949,DB09096,0
DB00949,DB00909,0
DB00381,DB00736,0
DB00381,DB00555,0
DB00381,DB00363,0
DB00381,DB00783,0
DB00381,DB00776,0
DB00381,DB01058,0
DB00381,DB01224,0
DB00381,DB00734,0
DB00381,DB00273,0
DB00381,DB00441,0
DB00381,DB09096,0
DB00381,DB00909,0
DB00736,DB00555,0
DB00736,DB00363,0
DB00736,DB00783,0
DB00736,DB00776,0
DB00736,DB01058,0
DB00736,DB01224,0
DB00736,DB00734,0
DB00736,DB00273,0
DB00736,DB00441,0
DB00736,DB09096,0
DB00736,DB00909,0
DB00555,DB00363,0
DB00555,DB00783,0
DB00555,DB00776,0
DB00555,DB01058,0
DB00555,DB01224,0
DB00555,DB00734,0
DB00555,DB00273,0
DB00555,DB00441,0
DB00555,DB09096,0
DB00555,DB00909,0
DB00363,DB00783,0
DB00363,DB00776,0
DB00363,DB01058,0
DB00363,DB01224,0
DB00363,DB00734,0
DB00363,DB00273,0
DB00363,DB00441,0
DB00363,DB09096,0
DB00363,DB00909,0
DB00783,DB00776,0
DB00783,DB01058,0
DB00783,DB01224,0
DB00783,DB00734,0
DB00783,DB00273,0
DB00783,DB00441,0
DB00783,DB09096,0
DB00783,DB00909,0
DB00776,DB01058,0
DB00776,DB01224,0
DB00776,DB00734,0
DB00776,DB00273,0
DB00776,DB00441,0
DB00776,DB09096,0
DB00776,DB00909,0
DB01058,DB01224,0
DB01058,DB00734,0
DB01058,DB00273,0
DB01058,DB00441,0
DB01058,DB09096,0
DB01058,DB00909,0
DB01224,DB00734,0
DB01224,DB00273,0
DB01224,DB00441,0
DB01224,DB09096,0
DB01224,DB00909,0
DB00734,DB00273,0
DB00734,DB00441,0
DB00734,DB09096,0
DB00734,DB00909,0
DB00273,DB00441,0
DB00273,DB09096,0
DB00273,DB00909,0
DB00441,DB09096,0
DB00441,DB00909,0
DB09096,DB00909,0
DB00564,DB00564,0
DB00564,DB00555,0
DB00938,DB00358,0
DB00564,DB01110,1
DB00564,DB00898,1
DB01110,DB00898,0
DB00190,DB06152,0
DB00988,DB00734,0
DB00190,DB06152,0
DB00389,DB00389,0
DB05381,DB00458,1
DB05381,DB00898,1
DB00458,DB00898,0
DB01626,DB05381,1
DB00548,DB00518,1
DB00429,DB00381,1
DB04840,DB01136,0
DB04840,DB01136,0
DB01136,DB01136,0
DB00381,DB00548,1
DB00575,DB00381,0
DB00381,DB00381,0
DB00381,DB00736,0
DB00520,DB00688,0
DB00520,DB00520,0
DB00625,DB00238,0
DB00625,DB00520,1
DB00625,DB00520,0
DB00238,DB00520,1
DB00238,DB00520,0
DB00520,DB00520,0
DB00520,DB00625,1
DB00520,DB00238,1
DB00520,DB00520,0
DB00625,DB00238,0
DB00625,DB00520,0
DB00238,DB00520,0
DB01370,DB00535,0
DB01370,DB00518,0
DB00535,DB00518,1
DB00535,DB00535,0
DB00535,DB00535,0
DB00781,DB00535,1
DB00781,DB00535,0
DB00535,DB00535,0
DB00535,DB01592,1
DB00535,DB00548,0
DB00535,DB01592,1
DB01592,DB00548,0
DB01592,DB01592,0
DB00548,DB01592,0
DB00535,DB00535,0
DB01592,DB01592,0
DB01592,DB00535,0
DB01592,DB00535,0
DB01592,DB01592,0
DB01592,DB00535,0
DB01592,DB00535,0
DB00535,DB01592,0
DB00535,DB01592,1
DB00783,DB01066,0
DB00783,DB00783,0
DB01066,DB00783,0
DB00781,DB01066,1
DB00781,DB01066,0
DB01066,DB01066,0
DB00548,DB00781,0
DB00518,DB00493,0
DB01330,DB00548,1
DB00781,DB00781,1
DB00781,DB09338,0
DB00548,DB00781,0
DB01415,DB01415,0
DB01415,DB01415,0
DB00482,DB00482,0
DB00331,DB00518,0
DB00927,DB00518,0
DB01110,DB09338,0
DB01110,DB00518,0
DB09338,DB00518,0
DB00852,DB00852,0
DB00185,DB01511,1
DB01086,DB00548,0
DB01086,DB00458,1
DB00548,DB00458,0
DB00721,DB00548,1
DB00548,DB09338,0
DB01108,DB00927,0
DB00518,DB00381,0
DB00880,DB00381,1
DB00880,DB09338,0
DB00381,DB09338,0
DB00458,DB01200,0
DB00458,DB01108,0
DB00458,DB01511,0
DB01200,DB01108,0
DB01200,DB01511,0
DB01108,DB01511,0
DB01626,DB00458,0
DB00619,DB00670,0
DB00392,DB01511,0
DB00392,DB00458,1
DB01511,DB00458,1
DB01208,DB00226,0
DB01208,DB00248,0
DB01208,DB05381,0
DB00226,DB00248,0
DB00226,DB05381,0
DB00248,DB05381,0
DB00381,DB00979,0
DB00381,DB00548,0
DB00381,DB00381,0
DB00979,DB00548,0
DB00979,DB00381,0
DB00548,DB00381,0
DB00999,DB09338,0
DB00999,DB01108,0
DB00999,DB00783,0
DB09338,DB01108,0
DB09338,DB00783,0
DB01108,DB00783,0
DB00822,DB00898,0
DB00122,DB00458,0
DB00122,DB00392,0
DB00458,DB00392,0
DB00310,DB01511,1
DB00548,DB00136,0
DB00548,DB00548,0
DB00136,DB00548,0
DB00548,DB00136,0
DB00999,DB00999,0
DB00999,DB00548,1
DB00518,DB00548,0
DB00518,DB00518,0
DB00548,DB00518,1
DB01108,DB00548,0
DB01108,DB01108,0
DB00548,DB01108,1
DB00548,DB00548,0
DB01378,DB01378,0
DB01378,DB00548,0
DB01378,DB00548,1
DB09320,DB01431,0
DB09320,DB00518,0
DB01431,DB00518,0
DB01410,DB01410,0
DB01410,DB01410,0
DB01410,DB01410,0
DB01410,DB01410,0
DB00233,DB00518,0
DB00548,DB00684,0
DB00548,DB00548,0
DB00548,DB00381,0
DB00684,DB00548,0
DB00684,DB00381,0
DB00548,DB00381,0
DB00501,DB00682,1
DB00501,DB00475,1
DB00501,DB00458,1
DB00682,DB00475,0
DB00682,DB00458,0
DB00475,DB00458,0
DB09154,DB00501,1
DB00501,DB00277,1
DB00827,DB00827,0
DB01592,DB02701,0
DB01592,DB09321,0
DB01592,DB00169,0
DB01592,DB00900,0
DB02701,DB09321,0
DB02701,DB00169,0
DB02701,DB00900,0
DB09321,DB00169,0
DB09321,DB00900,0
DB00169,DB00900,0
DB11121,DB00518,1
DB11121,DB08981,1
DB00518,DB08981,0
DB00827,DB00381,1
DB05381,DB05381,0
DB01370,DB00169,0
DB01370,DB01592,0
DB01370,DB09321,0
DB00169,DB01592,0
DB00169,DB09321,0
DB01592,DB09321,0
DB00338,DB00537,0
DB00338,DB00537,0
DB00537,DB00537,0
DB00338,DB00537,0
DB00122,DB00122,0
DB00122,DB00804,0
DB00122,DB00804,0
DB00458,DB00934,0
DB01244,DB01208,0
DB00565,DB00202,1
DB00565,DB00202,1
DB00202,DB00565,0
DB00565,DB00202,0
DB00565,DB00565,0
DB00565,DB00202,0
DB00202,DB00565,1
DB00202,DB00202,0
DB00565,DB00202,0
DB00565,DB00202,0
DB00565,DB00202,0
DB00202,DB00202,0
DB01339,DB00565,0
DB06690,DB00565,1
DB06690,DB00565,1
DB00565,DB00565,0
DB00565,DB00565,0
DB00381,DB00565,1
DB00381,DB00781,1
DB00381,DB00548,1
DB00381,DB00759,1
DB00381,DB00781,1
DB00381,DB01086,1
DB00565,DB00781,1
DB00565,DB00548,1
DB00565,DB00759,1
DB00565,DB00781,1
DB00565,DB01086,1
DB00781,DB00548,0
DB00781,DB00759,0
DB00781,DB00781,0
DB00781,DB01086,0
DB00548,DB00759,0
DB00548,DB00781,0
DB00548,DB01086,0
DB00759,DB00781,0
DB00759,DB01086,0
DB00781,DB01086,0
DB00898,DB00458,0
DB00898,DB05381,0
DB00898,DB00683,0
DB00458,DB05381,0
DB00458,DB00683,0
DB05381,DB00683,0
DB01060,DB01060,0
DB00781,DB01060,0
DB00781,DB00783,1
DB01060,DB00783,1
DB05381,DB00683,1
DB05381,DB00898,1
DB00683,DB00898,0
DB00548,DB05381,1
DB00458,DB00771,1
DB01190,DB00381,1
DB00458,DB00458,1
DB01068,DB01068,0
DB01068,DB01068,0
DB01068,DB06268,1
DB01068,DB00122,0
DB01068,DB01068,0
DB01068,DB01068,0
DB01068,DB06268,0
DB06268,DB00122,0
DB06268,DB01068,0
DB06268,DB01068,0
DB06268,DB06268,0
DB00122,DB01068,0
DB00122,DB01068,0
DB00122,DB06268,0
DB01068,DB01068,0
DB01068,DB06268,0
DB01068,DB06268,1
DB00472,DB01068,0
DB01068,DB01068,0
DB01068,DB01068,0
DB00898,DB00381,0
DB00898,DB00381,0
DB00898,DB00381,0
DB00898,DB00548,0
DB00898,DB00458,0
DB00898,DB00555,0
DB00381,DB00381,0
DB00381,DB00381,0
DB00381,DB00548,0
DB00381,DB00458,0
DB00381,DB00555,0
DB00381,DB00381,0
DB00381,DB00548,0
DB00381,DB00458,0
DB00381,DB00555,0
DB00381,DB00548,0
DB00381,DB00458,0
DB00381,DB00555,0
DB00548,DB00458,0
DB00548,DB00555,0
DB00458,DB00555,0
DB00575,DB00898,1
DB00548,DB00458,0
DB00670,DB00898,1
DB00670,DB00670,0
DB00670,DB01511,1
DB00670,DB00670,0
DB00670,DB00670,0
DB00670,DB00363,0
DB00670,DB00363,0
DB00363,DB00363,0
DB00670,DB00670,0
DB04840,DB00458,0
DB04840,DB00670,0
DB00458,DB00670,0
DB00458,DB00670,0
DB00670,DB00670,0
DB00670,DB00458,1
DB00670,DB01228,1
DB00458,DB01228,0
DB00302,DB00513,0
DB11079,DB01086,0
DB11079,DB00683,0
DB11079,DB00898,0
DB01086,DB00683,0
DB01086,DB00898,0
DB00683,DB00898,0
DB01394,DB00381,1
DB00781,DB00548,0
DB00781,DB00781,0
DB00548,DB00781,0
DB00202,DB00548,0
DB00202,DB01245,0
DB00202,DB09154,0
DB00548,DB01245,0
DB00548,DB09154,0
DB01245,DB09154,0
DB01108,DB01108,0
DB00781,DB00152,0
DB01394,DB00233,0
DB01394,DB00898,0
DB01394,DB00152,1
DB00233,DB00898,0
DB00233,DB00152,1
DB00898,DB00152,1
DB00924,DB01626,1
DB00924,DB00898,1
DB00531,DB00531,0
DB00531,DB00122,1
DB00609,DB00951,0
DB01626,DB05381,1
DB05381,DB00898,1
DB05381,DB00683,1
DB05381,DB00381,1
DB00898,DB00683,0
DB00898,DB00381,0
DB00683,DB00381,0
DB01511,DB01339,1
DB00250,DB01015,0
DB00250,DB01015,0
DB00250,DB00250,0
DB00250,DB00158,1
DB00363,DB00363,0
DB01254,DB01254,0
DB01254,DB01254,0
DB00518,DB00518,0
DB00518,DB01254,1
DB00518,DB01254,1
DB00694,DB00694,0
DB00531,DB00694,1
DB00122,DB00981,0
DB00122,DB00281,0
DB00981,DB00281,0
DB01086,DB01086,0
DB01086,DB00548,0
DB01086,DB00548,0
DB01609,DB01370,0
DB01609,DB01370,0
DB01609,DB01592,0
DB01609,DB01609,0
DB01609,DB01370,0
DB01370,DB01592,0
DB01370,DB01609,0
DB01370,DB01370,0
DB01592,DB01609,0
DB01592,DB01370,0
DB01609,DB01370,1
DB01609,DB01005,0
DB01609,DB01005,0
DB00900,DB00472,0
DB00900,DB01232,0
DB00472,DB01232,0
DB00944,DB00202,1
DB00944,DB00122,1
DB00202,DB00122,0
DB00759,DB09154,1
DB00759,DB09154,0
DB09154,DB09154,0
DB00759,DB00781,0
DB00759,DB01511,1
DB00781,DB01511,0
DB00759,DB00783,1
DB00759,DB00783,0
DB00783,DB00783,0
DB00458,DB00458,0
DB00683,DB00475,0
DB00458,DB00458,0
DB00458,DB00458,0
DB00455,DB00967,0
DB00455,DB00455,0
DB00967,DB00455,0
DB00455,DB00967,0
DB00455,DB00967,0
DB01320,DB00759,0
DB00749,DB01108,0
DB00749,DB09338,0
DB01108,DB09338,1
DB00781,DB00781,0
DB00781,DB01108,0
DB00781,DB01108,1
DB00122,DB00122,0
DB00122,DB01108,0
DB00122,DB01108,1
DB00122,DB01108,1
DB01108,DB00381,1
DB00518,DB00518,0
DB01108,DB01108,0
DB00783,DB01108,0
DB01108,DB01108,0
DB00781,DB01108,1
DB01108,DB01108,0
DB00381,DB01108,0
DB00979,DB01108,1
DB00405,DB00898,1
DB00405,DB05381,0
DB00405,DB00122,1
DB00405,DB05381,0
DB00405,DB00548,1
DB00405,DB05381,0
DB00405,DB05381,0
DB00898,DB05381,0
DB00898,DB00122,0
DB00898,DB05381,0
DB00898,DB00548,0
DB00898,DB05381,0
DB00898,DB05381,0
DB05381,DB00122,0
DB05381,DB05381,0
DB05381,DB00548,0
DB05381,DB05381,0
DB05381,DB05381,0
DB00122,DB05381,0
DB00122,DB00548,0
DB00122,DB05381,0
DB00122,DB05381,0
DB05381,DB00548,0
DB05381,DB05381,0
DB05381,DB05381,0
DB00548,DB05381,0
DB00548,DB05381,0
DB05381,DB05381,0
DB00548,DB00285,1
DB01086,DB00633,0
DB01086,DB01086,0
DB00633,DB01086,1
DB00633,DB00633,0
DB00633,DB09536,0
DB00633,DB09536,1
DB00381,DB00381,0
DB00381,DB00142,0
DB00381,DB00182,0
DB00381,DB00142,0
DB00381,DB00182,1
DB00142,DB00182,1
DB00381,DB06767,0
DB00458,DB00182,0
DB00458,DB00381,0
DB00182,DB00381,1
DB00182,DB00182,0
DB01626,DB00458,0
DB05381,DB00182,0
DB05381,DB05381,0
DB00182,DB05381,1
DB01511,DB00182,0
DB01511,DB01511,0
DB00182,DB01511,1
DB00420,DB00420,0
DB00420,DB00182,0
DB00420,DB00182,1
DB00593,DB00182,0
DB00593,DB00593,0
DB00182,DB00593,1
DB00502,DB00502,0
DB00502,DB00182,0
DB00502,DB00182,1
DB00454,DB00182,0
DB06799,DB00182,0
DB06799,DB00381,0
DB06799,DB00548,0
DB00182,DB00381,1
DB00182,DB00548,0
DB00381,DB00548,0
DB00668,DB00182,0
DB00518,DB00182,0
DB00518,DB00518,0
DB00182,DB00518,1
DB00182,DB01108,1
DB01086,DB00898,0
DB01086,DB11079,0
DB00898,DB11079,0
DB00586,DB00381,0
DB09338,DB00586,0
DB09338,DB09338,0
DB00586,DB09338,1
DB00122,DB00381,0
DB00122,DB05381,0
DB00122,DB00381,0
DB00381,DB05381,0
DB00381,DB00381,0
DB05381,DB00381,0
DB01626,DB11079,0
DB01626,DB00381,0
DB01626,DB00458,0
DB11079,DB00381,0
DB11079,DB00458,0
DB00381,DB00458,0
DB00122,DB00381,0
DB00900,DB00169,0
DB01370,DB00169,1
DB00169,DB00900,0
DB00781,DB00169,0
DB00781,DB01370,0
DB00169,DB01370,0
DB00781,DB01370,1
DB00495,DB00169,0
DB01511,DB00968,0
DB00255,DB01108,0
DB00255,DB01108,0
DB01108,DB01108,0
DB00518,DB01418,1
DB00518,DB00946,1
DB01418,DB00946,0
DB00999,DB00518,0
DB00518,DB00518,0
DB00518,DB00518,0
DB00518,DB00518,0
DB00605,DB00518,0
DB00605,DB00605,0
DB00518,DB00605,1
DB06774,DB00518,0
DB06774,DB00518,0
DB01118,DB00404,0
DB01118,DB00518,0
DB00404,DB00518,0
DB00778,DB00781,0
DB00778,DB00518,0
DB00781,DB00518,0
DB06711,DB00320,0
DB06711,DB00320,0
DB06711,DB06711,0
DB00320,DB00320,0
DB00320,DB06711,1
DB00320,DB06711,1
DB00320,DB00320,0
DB00320,DB00320,0
DB00320,DB00320,0
DB00184,DB00184,0
DB00184,DB00602,0
DB00184,DB00602,1
DB00781,DB00518,0
DB00781,DB00320,0
DB00781,DB00320,0
DB00781,DB00781,0
DB00781,DB00778,0
DB00518,DB00320,0
DB00518,DB00320,0
DB00518,DB00781,0
DB00518,DB00778,1
DB00320,DB00320,0
DB00320,DB00781,0
DB00320,DB00778,1
DB00320,DB00781,0
DB00320,DB00778,1
DB00781,DB00778,0
DB00320,DB00320,0
DB00783,DB00783,0
DB00783,DB00320,0
DB00783,DB00320,0
DB00783,DB00320,0
DB00783,DB00320,0
DB00320,DB00320,0
DB00518,DB00343,1
DB09462,DB00662,0
DB09462,DB00714,1
DB00662,DB00714,0
DB00898,DB00683,0
DB01626,DB05381,1
DB00714,DB00662,0
DB00714,DB00714,0
DB00662,DB00714,0
DB00683,DB00898,0
DB01081,DB00670,0
DB01081,DB01626,1
DB01081,DB01081,0
DB00670,DB01626,1
DB00670,DB01081,0
DB01626,DB01081,0
DB00898,DB05381,0
DB00898,DB00122,0
DB00898,DB05381,0
DB00898,DB00548,0
DB00898,DB05381,0
DB00898,DB05381,0
DB05381,DB00122,0
DB05381,DB05381,0
DB05381,DB00548,0
DB05381,DB05381,0
DB05381,DB05381,0
DB00122,DB05381,0
DB00122,DB00548,0
DB00122,DB05381,0
DB00122,DB05381,0
DB05381,DB00548,0
DB05381,DB05381,0
DB05381,DB05381,0
DB00548,DB05381,0
DB00548,DB05381,0
DB05381,DB05381,0
DB00640,DB00975,0
DB00640,DB00640,0
DB00975,DB00640,1
DB00122,DB00975,0
DB00122,DB00122,0
DB00975,DB00122,1
DB00954,DB00954,0
DB09096,DB00778,0
DB09096,DB09096,0
DB09096,DB09096,0
DB00778,DB09096,1
DB00778,DB09096,1
DB09096,DB09096,0
DB01355,DB00518,0
DB01355,DB00548,0
DB01355,DB01200,0
DB00518,DB00548,0
DB00518,DB01200,0
DB00548,DB01200,0
DB00280,DB00280,0
DB00280,DB00548,0
DB00280,DB00548,0
DB00280,DB00548,0
DB00280,DB00548,0
DB00280,DB00548,0
DB00822,DB00822,0
DB00822,DB00822,0
DB00883,DB00761,0
DB00204,DB00204,0
DB00204,DB06723,0
DB00204,DB00204,0
DB06723,DB00204,0
DB00204,DB00204,0
DB00204,DB00204,0
DB00204,DB00204,0
DB00204,DB00204,0
DB00999,DB01029,0
DB00999,DB00384,0
DB00999,DB01029,0
DB01029,DB00384,0
DB01029,DB01029,0
DB00384,DB01029,0
DB01029,DB01029,0
DB01029,DB00204,0
DB01029,DB09338,0
DB01029,DB00204,0
DB01029,DB09338,0
DB00204,DB09338,0
DB01029,DB00204,1
DB00204,DB09338,0
DB00204,DB09338,0
DB09338,DB09338,0
DB00781,DB01118,0
DB00781,DB00595,0
DB00781,DB00549,0
DB00781,DB00204,1
DB00781,DB00204,0
DB01118,DB00595,0
DB01118,DB00549,0
DB01118,DB00204,1
DB01118,DB00204,0
DB00595,DB00549,0
DB00595,DB00204,1
DB00595,DB00204,0
DB00549,DB00204,1
DB00549,DB00204,0
DB00204,DB00204,0
DB00603,DB06723,0
DB00603,DB00204,0
DB06723,DB00204,0
DB00204,DB00783,0
DB00544,DB00531,0
DB00462,DB00462,0
DB01626,DB00462,1
DB01626,DB00462,0
DB00462,DB00462,0
DB00462,DB00381,1
DB00462,DB00381,1
DB00462,DB00381,1
DB00462,DB00381,0
DB00462,DB00381,0
DB00381,DB00381,0
DB01086,DB00548,1
DB01086,DB00462,1
DB00548,DB00462,0
DB00462,DB01086,1
DB00462,DB00555,0
DB00781,DB00548,0
DB00781,DB01108,0
DB00781,DB11079,0
DB00548,DB01108,0
DB00548,DB11079,0
DB01108,DB11079,0
DB00202,DB01135,0
DB01135,DB00202,0
DB01135,DB00202,0
DB00202,DB00202,0
DB01135,DB00381,0
DB01135,DB00781,1
DB01135,DB00548,1
DB01135,DB00759,1
DB01135,DB00781,1
DB01135,DB01086,1
DB00781,DB00548,0
DB00781,DB00759,0
DB00781,DB00781,0
DB00781,DB01086,0
DB00548,DB00759,0
DB00548,DB00781,0
DB00548,DB01086,0
DB00759,DB00781,0
DB00759,DB01086,0
DB00781,DB01086,0
DB00381,DB01135,0
DB00458,DB00458,0
DB01626,DB01626,0
DB00458,DB00458,0
DB00898,DB00898,0
DB00997,DB00997,0
DB00759,DB09154,1
DB00759,DB09154,0
DB09154,DB09154,0
DB00759,DB01370,1
DB00759,DB01592,1
DB01370,DB01592,0
DB00366,DB00366,0
DB00683,DB01086,0
DB00683,DB00450,1
DB01086,DB00450,1
DB00476,DB00476,0
DB00476,DB00476,0
DB00476,DB00476,0
DB00476,DB00476,0
DB00476,DB00476,0
DB00476,DB00476,0
DB00476,DB00458,1
DB00476,DB00458,1
DB00458,DB00458,0
DB00476,DB00898,0
DB00476,DB00476,0
DB00476,DB00898,0
DB00476,DB00476,0
DB00476,DB00898,0
DB00898,DB00476,0
DB00898,DB00898,0
DB00898,DB00476,0
DB00898,DB00898,0
DB00476,DB00898,0
DB00476,DB00476,0
DB00476,DB00898,0
DB00898,DB00476,0
DB00898,DB00898,0
DB00476,DB00898,0
DB00476,DB00476,0
DB00476,DB01370,0
DB00476,DB00476,0
DB00476,DB00476,0
DB01370,DB00476,0
DB01370,DB00476,0
DB00476,DB00476,0
DB00651,DB00651,0
DB00122,DB00202,0
DB00122,DB00564,0
DB00202,DB00564,0
DB00625,DB00625,0
DB00625,DB00625,0
DB05381,DB00857,0
DB00625,DB00625,0
DB00781,DB00625,0
DB01601,DB00625,1
DB00625,DB00625,0
DB00625,DB00783,1
DB00625,DB00783,0
DB00783,DB00783,0
DB00555,DB00625,1
DB00625,DB00625,0
DB00625,DB00625,0
DB00625,DB09104,0
DB00625,DB00852,0
DB00625,DB09104,0
DB00625,DB00852,0
DB09104,DB00852,0
DB00879,DB00426,0
DB00879,DB00300,0
DB00426,DB00300,0
DB09338,DB00977,1
DB00977,DB09338,1
DB00977,DB00977,0
DB09338,DB00977,0
DB00977,DB00977,0
DB00977,DB00381,1
DB00977,DB09338,1
DB00977,DB00381,1
DB00977,DB09338,1
DB00381,DB09338,0
DB00381,DB00518,0
DB00381,DB00977,0
DB00518,DB00977,1
DB00228,DB06690,0
DB00495,DB00495,0
DB00495,DB00495,0
DB00495,DB00495,0
DB00979,DB00467,1
DB00979,DB00467,0
DB00979,DB00467,0
DB00467,DB00467,0
DB00467,DB00467,0
DB00467,DB00467,0
DB00467,DB00979,1
DB00467,DB00467,0
DB00381,DB00467,0
DB00381,DB00518,0
DB00381,DB08981,0
DB00467,DB00518,0
DB00467,DB08981,1
DB00518,DB08981,0
DB02701,DB09321,0
DB06723,DB00467,1
DB00467,DB00467,0
DB00494,DB00776,0
DB01037,DB00494,0
DB01037,DB00776,0
DB00494,DB00776,0
DB01037,DB00494,0
DB01037,DB00776,0
DB00494,DB00776,0
DB00494,DB00494,0
DB00458,DB00494,0
DB00458,DB00776,0
DB00494,DB00776,0
DB00700,DB00700,0
DB00700,DB00700,0
DB00700,DB00700,0
DB00700,DB00700,0
DB00700,DB09543,0
DB00700,DB06152,0
DB09543,DB06152,0
DB09543,DB06152,0
DB00700,DB00977,1
DB00700,DB00977,0
DB00977,DB00977,0
DB00518,DB00700,0
DB00518,DB00586,0
DB00700,DB00586,0
DB01240,DB09338,1
DB01240,DB00381,1
DB09338,DB00381,0
DB00381,DB01240,1
DB01240,DB09338,0
DB01240,DB01240,0
DB09338,DB01240,0
DB00696,DB00620,1
DB00696,DB06711,1
DB00530,DB13179,1
DB00303,DB00303,0
DB00303,DB00303,0
DB00778,DB09096,1
DB01355,DB00518,0
DB01355,DB00548,0
DB01355,DB01200,0
DB00518,DB00548,0
DB00518,DB01200,0
DB00548,DB01200,0
DB00778,DB05381,0
DB00898,DB01175,0
DB00898,DB00898,0
DB00898,DB00898,0
DB00898,DB01175,0
DB01175,DB00898,0
DB01175,DB00898,0
DB01175,DB01175,0
DB00898,DB00898,0
DB00898,DB01175,0
DB00898,DB01175,1
DB00215,DB01175,0
DB01100,DB00215,0
DB09096,DB09096,0
DB09096,DB09096,0
DB09096,DB09096,0
DB00503,DB00215,0
DB00503,DB00215,0
DB00215,DB00215,0
DB00215,DB00215,0
DB00215,DB00215,0
DB00215,DB00215,0
DB00215,DB00215,0
DB00215,DB00458,0
DB00215,DB00458,0
DB00264,DB01175,0
DB00215,DB00215,1
DB00555,DB05381,0
DB00555,DB00898,0
DB00555,DB00548,0
DB05381,DB00898,0
DB05381,DB00548,0
DB00898,DB00548,0
DB01215,DB01215,1
DB01215,DB01215,0
DB01215,DB01215,0
DB01215,DB01215,0
DB00472,DB01215,0
DB01215,DB01215,0
DB00898,DB01198,0
DB00898,DB00898,0
DB00898,DB00898,0
DB01198,DB00898,1
DB01198,DB00898,0
DB00898,DB00898,0
DB00186,DB01198,0
DB00363,DB01198,0
DB00363,DB00363,0
DB01198,DB00363,1
DB00548,DB00781,0
DB03754,DB06723,1
DB03754,DB03754,0
DB03754,DB03754,0
DB06723,DB03754,0
DB06723,DB03754,0
DB03754,DB03754,0
DB03754,DB06723,1
DB03754,DB03754,0
DB06723,DB03754,0
DB00207,DB00898,1
DB00593,DB00593,0
DB00593,DB00593,0
DB00593,DB00593,0
DB00754,DB01121,1
DB00754,DB01121,1
DB01121,DB01121,0
DB01113,DB00979,0
DB09338,DB01108,0
DB00781,DB00781,0
DB00555,DB00949,0
DB00555,DB00273,0
DB00555,DB01431,1
DB00949,DB00273,0
DB00949,DB01431,1
DB00273,DB01431,1
DB01076,DB01076,0
DB00518,DB00404,1
DB00518,DB00475,1
DB00518,DB00842,1
DB00518,DB00231,1
DB00404,DB00475,0
DB00404,DB00842,0
DB00404,DB00231,0
DB00475,DB00842,0
DB00475,DB00231,0
DB00842,DB00231,0
DB00607,DB00238,0
DB00400,DB00400,0
DB00400,DB00518,0
DB00400,DB00518,1
DB00714,DB00518,0
DB01050,DB00238,0
DB01050,DB00518,0
DB00238,DB00518,1
DB00701,DB01601,0
DB00701,DB00518,1
DB01601,DB00518,1
DB00224,DB00518,1
DB01037,DB00518,0
DB01037,DB01037,0
DB00518,DB01037,1
DB00458,DB00518,1
DB00458,DB00458,0
DB00518,DB00458,0
DB00742,DB00518,0
DB00749,DB00749,0
DB00749,DB00586,0
DB00749,DB00999,1
DB09281,DB09281,0
DB09281,DB00749,0
DB09281,DB00749,1
DB00749,DB00749,0
DB00749,DB00749,0
DB00548,DB00292,0
DB00294,DB00781,1
DB00294,DB00555,1
DB00294,DB01320,1
DB00294,DB00564,1
DB00294,DB00518,1
DB00294,DB00273,1
DB00294,DB00949,1
DB00294,DB00400,1
DB00294,DB00518,1
DB00294,DB09153,1
DB00294,DB01076,1
DB00294,DB00636,1
DB00294,DB00518,1
DB00294,DB00091,1
DB00294,DB00701,1
DB00294,DB00224,1
DB00294,DB01232,1
DB00294,DB01232,1
DB00294,DB01601,1
DB00294,DB00503,1
DB00294,DB00220,1
DB00294,DB00295,1
DB00294,DB00295,1
DB00294,DB00295,1
DB00294,DB00860,1
DB00294,DB00231,1
DB00294,DB00277,1
DB00781,DB00555,0
DB00781,DB01320,0
DB00781,DB00564,0
DB00781,DB00518,0
DB00781,DB00273,0
DB00781,DB00949,0
DB00781,DB00400,0
DB00781,DB00518,0
DB00781,DB09153,0
DB00781,DB01076,0
DB00781,DB00636,0
DB00781,DB00518,0
DB00781,DB00091,0
DB00781,DB00701,0
DB00781,DB00224,0
DB00781,DB01232,0
DB00781,DB01232,0
DB00781,DB01601,0
DB00781,DB00503,0
DB00781,DB00220,0
DB00781,DB00295,0
DB00781,DB00295,0
DB00781,DB00295,0
DB00781,DB00860,0
DB00781,DB00231,0
DB00781,DB00277,0
DB00555,DB01320,0
DB00555,DB00564,0
DB00555,DB00518,0
DB00555,DB00273,0
DB00555,DB00949,0
DB00555,DB00400,0
DB00555,DB00518,0
DB00555,DB09153,0
DB00555,DB01076,0
DB00555,DB00636,0
DB00555,DB00518,0
DB00555,DB00091,0
DB00555,DB00701,0
DB00555,DB00224,0
DB00555,DB01232,0
DB00555,DB01232,0
DB00555,DB01601,0
DB00555,DB00503,0
DB00555,DB00220,0
DB00555,DB00295,0
DB00555,DB00295,0
DB00555,DB00295,0
DB00555,DB00860,0
DB00555,DB00231,0
DB00555,DB00277,0
DB01320,DB00564,0
DB01320,DB00518,0
DB01320,DB00273,0
DB01320,DB00949,0
DB01320,DB00400,0
DB01320,DB00518,0
DB01320,DB09153,0
DB01320,DB01076,0
DB01320,DB00636,0
DB01320,DB00518,0
DB01320,DB00091,0
DB01320,DB00701,0
DB01320,DB00224,0
DB01320,DB01232,0
DB01320,DB01232,0
DB01320,DB01601,0
DB01320,DB00503,0
DB01320,DB00220,0
DB01320,DB00295,0
DB01320,DB00295,0
DB01320,DB00295,0
DB01320,DB00860,0
DB01320,DB00231,0
DB01320,DB00277,0
DB00564,DB00518,0
DB00564,DB00273,0
DB00564,DB00949,0
DB00564,DB00400,0
DB00564,DB00518,0
DB00564,DB09153,0
DB00564,DB01076,0
DB00564,DB00636,0
DB00564,DB00518,0
DB00564,DB00091,0
DB00564,DB00701,0
DB00564,DB00224,0
DB00564,DB01232,0
DB00564,DB01232,0
DB00564,DB01601,0
DB00564,DB00503,0
DB00564,DB00220,0
DB00564,DB00295,0
DB00564,DB00295,0
DB00564,DB00295,0
DB00564,DB00860,0
DB00564,DB00231,0
DB00564,DB00277,0
DB00518,DB00273,0
DB00518,DB00949,0
DB00518,DB00400,0
DB00518,DB00518,0
DB00518,DB09153,0
DB00518,DB01076,0
DB00518,DB00636,0
DB00518,DB00518,0
DB00518,DB00091,0
DB00518,DB00701,0
DB00518,DB00224,0
DB00518,DB01232,0
DB00518,DB01232,0
DB00518,DB01601,0
DB00518,DB00503,0
DB00518,DB00220,0
DB00518,DB00295,0
DB00518,DB00295,0
DB00518,DB00295,0
DB00518,DB00860,0
DB00518,DB00231,0
DB00518,DB00277,0
DB00273,DB00949,0
DB00273,DB00400,0
DB00273,DB00518,0
DB00273,DB09153,0
DB00273,DB01076,0
DB00273,DB00636,0
DB00273,DB00518,0
DB00273,DB00091,0
DB00273,DB00701,0
DB00273,DB00224,0
DB00273,DB01232,0
DB00273,DB01232,0
DB00273,DB01601,0
DB00273,DB00503,0
DB00273,DB00220,0
DB00273,DB00295,0
DB00273,DB00295,0
DB00273,DB00295,0
DB00273,DB00860,0
DB00273,DB00231,0
DB00273,DB00277,0
DB00949,DB00400,0
DB00949,DB00518,0
DB00949,DB09153,0
DB00949,DB01076,0
DB00949,DB00636,0
DB00949,DB00518,0
DB00949,DB00091,0
DB00949,DB00701,0
DB00949,DB00224,0
DB00949,DB01232,0
DB00949,DB01232,0
DB00949,DB01601,0
DB00949,DB00503,0
DB00949,DB00220,0
DB00949,DB00295,0
DB00949,DB00295,0
DB00949,DB00295,0
DB00949,DB00860,0
DB00949,DB00231,0
DB00949,DB00277,0
DB00400,DB00518,0
DB00400,DB09153,0
DB00400,DB01076,0
DB00400,DB00636,0
DB00400,DB00518,0
DB00400,DB00091,0
DB00400,DB00701,0
DB00400,DB00224,0
DB00400,DB01232,0
DB00400,DB01232,0
DB00400,DB01601,0
DB00400,DB00503,0
DB00400,DB00220,0
DB00400,DB00295,0
DB00400,DB00295,0
DB00400,DB00295,0
DB00400,DB00860,0
DB00400,DB00231,0
DB00400,DB00277,0
DB00518,DB09153,0
DB00518,DB01076,0
DB00518,DB00636,0
DB00518,DB00518,0
DB00518,DB00091,0
DB00518,DB00701,0
DB00518,DB00224,0
DB00518,DB01232,0
DB00518,DB01232,0
DB00518,DB01601,0
DB00518,DB00503,0
DB00518,DB00220,0
DB00518,DB00295,0
DB00518,DB00295,0
DB00518,DB00295,0
DB00518,DB00860,0
DB00518,DB00231,0
DB00518,DB00277,0
DB09153,DB01076,0
DB09153,DB00636,0
DB09153,DB00518,0
DB09153,DB00091,0
DB09153,DB00701,0
DB09153,DB00224,0
DB09153,DB01232,0
DB09153,DB01232,0
DB09153,DB01601,0
DB09153,DB00503,0
DB09153,DB00220,0
DB09153,DB00295,0
DB09153,DB00295,0
DB09153,DB00295,0
DB09153,DB00860,0
DB09153,DB00231,0
DB09153,DB00277,0
DB01076,DB00636,0
DB01076,DB00518,0
DB01076,DB00091,0
DB01076,DB00701,0
DB01076,DB00224,0
DB01076,DB01232,0
DB01076,DB01232,0
DB01076,DB01601,0
DB01076,DB00503,0
DB01076,DB00220,0
DB01076,DB00295,0
DB01076,DB00295,0
DB01076,DB00295,0
DB01076,DB00860,0
DB01076,DB00231,0
DB01076,DB00277,0
DB00636,DB00518,0
DB00636,DB00091,0
DB00636,DB00701,0
DB00636,DB00224,0
DB00636,DB01232,0
DB00636,DB01232,0
DB00636,DB01601,0
DB00636,DB00503,0
DB00636,DB00220,0
DB00636,DB00295,0
DB00636,DB00295,0
DB00636,DB00295,0
DB00636,DB00860,0
DB00636,DB00231,0
DB00636,DB00277,0
DB00518,DB00091,0
DB00518,DB00701,0
DB00518,DB00224,0
DB00518,DB01232,0
DB00518,DB01232,0
DB00518,DB01601,0
DB00518,DB00503,0
DB00518,DB00220,0
DB00518,DB00295,0
DB00518,DB00295,0
DB00518,DB00295,0
DB00518,DB00860,0
DB00518,DB00231,0
DB00518,DB00277,0
DB00091,DB00701,0
DB00091,DB00224,0
DB00091,DB01232,0
DB00091,DB01232,0
DB00091,DB01601,0
DB00091,DB00503,0
DB00091,DB00220,0
DB00091,DB00295,0
DB00091,DB00295,0
DB00091,DB00295,0
DB00091,DB00860,0
DB00091,DB00231,0
DB00091,DB00277,0
DB00701,DB00224,0
DB00701,DB01232,0
DB00701,DB01232,0
DB00701,DB01601,0
DB00701,DB00503,0
DB00701,DB00220,0
DB00701,DB00295,0
DB00701,DB00295,0
DB00701,DB00295,0
DB00701,DB00860,0
DB00701,DB00231,0
DB00701,DB00277,0
DB00224,DB01232,0
DB00224,DB01232,0
DB00224,DB01601,0
DB00224,DB00503,0
DB00224,DB00220,0
DB00224,DB00295,0
DB00224,DB00295,0
DB00224,DB00295,0
DB00224,DB00860,0
DB00224,DB00231,0
DB00224,DB00277,0
DB01232,DB01232,0
DB01232,DB01601,0
DB01232,DB00503,0
DB01232,DB00220,0
DB01232,DB00295,0
DB01232,DB00295,0
DB01232,DB00295,0
DB01232,DB00860,0
DB01232,DB00231,0
DB01232,DB00277,0
DB01232,DB01601,0
DB01232,DB00503,0
DB01232,DB00220,0
DB01232,DB00295,0
DB01232,DB00295,0
DB01232,DB00295,0
DB01232,DB00860,0
DB01232,DB00231,0
DB01232,DB00277,0
DB01601,DB00503,0
DB01601,DB00220,0
DB01601,DB00295,0
DB01601,DB00295,0
DB01601,DB00295,0
DB01601,DB00860,0
DB01601,DB00231,0
DB01601,DB00277,0
DB00503,DB00220,0
DB00503,DB00295,0
DB00503,DB00295,0
DB00503,DB00295,0
DB00503,DB00860,0
DB00503,DB00231,0
DB00503,DB00277,0
DB00220,DB00295,0
DB00220,DB00295,0
DB00220,DB00295,0
DB00220,DB00860,0
DB00220,DB00231,0
DB00220,DB00277,0
DB00295,DB00295,0
DB00295,DB00295,0
DB00295,DB00860,0
DB00295,DB00231,0
DB00295,DB00277,0
DB00295,DB00295,0
DB00295,DB00860,0
DB00295,DB00231,0
DB00295,DB00277,0
DB00295,DB00860,0
DB00295,DB00231,0
DB00295,DB00277,0
DB00860,DB00231,0
DB00860,DB00277,0
DB00231,DB00277,0
DB00990,DB00990,0
DB00349,DB00349,0
DB00349,DB00949,0
DB00349,DB00949,0
DB00949,DB00949,0
DB00949,DB00949,0
DB00949,DB00949,0
DB00949,DB00949,0
DB00949,DB00949,0
DB00949,DB00949,0
DB00949,DB00949,0
DB00949,DB00949,0
DB00949,DB00949,0
DB00949,DB00949,0
DB00949,DB00949,0
DB00949,DB00949,0
DB00949,DB00949,0
DB00949,DB00949,0
DB00949,DB00949,0
DB00949,DB00949,0
DB00949,DB00949,0
DB00949,DB00949,0
DB00949,DB00949,0
DB00949,DB00949,0
DB00778,DB00949,0
DB00778,DB00949,0
DB00949,DB00949,0
DB00949,DB00949,0
DB00381,DB00381,0
DB00381,DB00381,0
DB00381,DB01023,0
DB00381,DB00381,0
DB01023,DB00381,0
DB00381,DB00381,0
DB00381,DB00381,0
DB00381,DB00381,0
DB00555,DB00381,0
DB00555,DB00555,0
DB00381,DB00555,1
DB00518,DB09462,0
DB00381,DB09338,0
DB00381,DB00562,0
DB09338,DB00562,0
DB01108,DB01108,0
DB01108,DB01108,0
DB01108,DB01108,0
DB00363,DB00813,0
DB00813,DB00683,1
DB00813,DB01086,1
DB00813,DB00898,1
DB00683,DB01086,0
DB00683,DB00898,0
DB01086,DB00898,0
DB01626,DB00813,0
DB01626,DB01626,0
DB00813,DB01626,0
DB00778,DB01511,0
DB00950,DB01370,1
DB00950,DB00518,1
DB01370,DB00518,0
DB00518,DB01370,1
DB01216,DB11079,0
DB01216,DB01110,0
DB01216,DB00555,0
DB01216,DB09338,0
DB01216,DB00814,0
DB11079,DB01110,0
DB11079,DB00555,0
DB11079,DB09338,0
DB11079,DB00814,0
DB01110,DB00555,0
DB01110,DB09338,0
DB01110,DB00814,0
DB00555,DB09338,0
DB00555,DB00814,0
DB09338,DB00814,0
DB01216,DB01216,0
DB01216,DB01216,0
DB00987,DB00381,0
DB00987,DB01099,1
DB00381,DB01099,0
DB01073,DB00552,1
DB00749,DB00359,0
DB00518,DB00518,0
DB01108,DB01108,0
DB01205,DB01086,0
DB01205,DB00458,1
DB01205,DB00207,0
DB00458,DB00207,0
DB00402,DB01205,1
DB00898,DB00207,0
DB00898,DB01205,0
DB01626,DB00215,1
DB00682,DB00458,0
DB00682,DB05381,0
DB00682,DB00564,0
DB00682,DB00501,0
DB00682,DB09153,0
DB00682,DB00518,0
DB00458,DB05381,0
DB00458,DB00564,0
DB00458,DB00501,0
DB00458,DB09153,0
DB00458,DB00518,0
DB05381,DB00564,0
DB05381,DB00501,0
DB05381,DB09153,0
DB05381,DB00518,0
DB00564,DB00501,0
DB00564,DB09153,0
DB00564,DB00518,0
DB00501,DB09153,0
DB00501,DB00518,0
DB09153,DB00518,0
DB00898,DB00898,0
DB00898,DB00458,0
DB00898,DB00458,0
DB00898,DB00458,0
DB00898,DB00458,0
DB00458,DB00458,0
DB00712,DB00712,0
DB00712,DB00518,0
DB00712,DB00712,0
DB00381,DB00712,0
DB00712,DB00712,0
DB09338,DB00712,0
DB09338,DB00518,0
DB00712,DB00518,0
DB00712,DB09338,1
DB00381,DB00712,0
DB00381,DB00914,0
DB00381,DB00914,0
DB00712,DB00914,0
DB00712,DB00914,0
DB00914,DB00914,0
DB00712,DB00381,1
DB09154,DB00499,0
DB00404,DB09096,0
DB00842,DB00231,0
DB00404,DB00543,0
DB00404,DB00404,0
DB00404,DB00404,0
DB00404,DB00404,0
DB00543,DB00404,1
DB00543,DB00404,0
DB00543,DB00404,0
DB00404,DB00404,0
DB00404,DB00404,0
DB00404,DB00404,0
DB00404,DB00543,1
DB00404,DB00404,0
DB00543,DB00404,0
DB00543,DB09154,0
DB00555,DB09338,0
DB00555,DB00152,0
DB09338,DB00152,0
DB01213,DB00898,1
DB00898,DB01213,1
DB01110,DB00983,0
DB00381,DB00983,1
DB00548,DB00458,0
DB00548,DB00983,0
DB00548,DB00548,0
DB00548,DB00458,0
DB00548,DB00983,0
DB00458,DB00983,0
DB00458,DB00548,0
DB00458,DB00458,0
DB00458,DB00983,0
DB00983,DB00548,1
DB00983,DB00458,1
DB00983,DB00983,0
DB00548,DB00458,0
DB00548,DB00983,0
DB00458,DB00983,0
DB01108,DB09338,0
DB01108,DB01108,0
DB01108,DB09338,0
DB09338,DB01108,0
DB09338,DB09338,0
DB01108,DB09338,0
DB00548,DB05381,0
DB00548,DB00458,0
DB05381,DB00458,0
DB00983,DB00983,0
DB00983,DB01108,0
DB00983,DB01110,0
DB00529,DB00548,1
DB00529,DB00548,1
DB00529,DB00548,1
DB00529,DB00548,1
DB00548,DB00548,0
DB00548,DB00828,0
DB09338,DB09338,0
DB09338,DB00492,0
DB09338,DB00492,1
DB09338,DB00492,1
DB06723,DB00722,1
DB06723,DB00722,0
DB06723,DB00722,0
DB00722,DB00722,0
DB00722,DB00722,0
DB00722,DB00722,0
DB00310,DB00742,0
DB00310,DB06268,0
DB00310,DB00722,0
DB00742,DB06268,0
DB00742,DB00722,0
DB06268,DB00722,0
DB00252,DB01320,0
DB00898,DB01118,0
DB00898,DB00475,0
DB00898,DB00266,0
DB00898,DB00822,0
DB00898,DB00593,0
DB00898,DB00979,0
DB00898,DB00656,0
DB01118,DB00475,0
DB01118,DB00266,0
DB01118,DB00822,0
DB01118,DB00593,0
DB01118,DB00979,0
DB01118,DB00656,0
DB00475,DB00266,0
DB00475,DB00822,0
DB00475,DB00593,0
DB00475,DB00979,0
DB00475,DB00656,0
DB00266,DB00822,0
DB00266,DB00593,0
DB00266,DB00979,0
DB00266,DB00656,0
DB00822,DB00593,0
DB00822,DB00979,0
DB00822,DB00656,0
DB00593,DB00979,0
DB00593,DB00656,0
DB00979,DB00656,0
DB00458,DB01320,1
DB01108,DB01396,0
DB01108,DB00783,0
DB01108,DB00548,0
DB01396,DB00783,0
DB01396,DB00548,0
DB00783,DB00548,0
DB00947,DB00947,0
DB00996,DB00996,0
DB06774,DB01075,0
DB06774,DB00996,0
DB01075,DB00996,0
DB00714,DB00996,0
DB00714,DB00996,0
DB00996,DB00996,0
DB00518,DB00518,0
DB00518,DB00996,0
DB00518,DB00996,1
DB00996,DB00518,1
DB00996,DB00518,1
DB01155,DB00396,1
DB01155,DB01155,0
DB00396,DB01155,0
DB01155,DB01155,0
DB01155,DB01370,1
DB01378,DB01370,0
DB01378,DB01592,0
DB01378,DB02701,0
DB01378,DB09321,0
DB01378,DB00169,0
DB01378,DB00900,0
DB01378,DB01155,1
DB01370,DB01592,0
DB01370,DB02701,0
DB01370,DB09321,0
DB01370,DB00169,0
DB01370,DB00900,0
DB01370,DB01155,1
DB01592,DB02701,0
DB01592,DB09321,0
DB01592,DB00169,0
DB01592,DB00900,0
DB01592,DB01155,1
DB02701,DB09321,0
DB02701,DB00169,0
DB02701,DB00900,0
DB02701,DB01155,1
DB09321,DB00169,0
DB09321,DB00900,0
DB09321,DB01155,1
DB00169,DB00900,0
DB00169,DB01155,1
DB00900,DB01155,1
DB00381,DB00979,0
DB00381,DB00548,0
DB00381,DB00381,0
DB00979,DB00548,0
DB00979,DB00381,0
DB00548,DB00381,0
DB00999,DB09338,0
DB00999,DB01108,0
DB00999,DB00783,0
DB09338,DB01108,0
DB09338,DB00783,0
DB01108,DB00783,0
DB00518,DB00586,0
DB00518,DB09214,0
DB00518,DB01009,0
DB00518,DB00749,0
DB00518,DB00749,0
DB00518,DB00328,0
DB00518,DB00461,0
DB00518,DB01511,0
DB00518,DB01050,0
DB00586,DB09214,0
DB00586,DB01009,0
DB00586,DB00749,0
DB00586,DB00749,0
DB00586,DB00328,0
DB00586,DB00461,0
DB00586,DB01511,0
DB00586,DB01050,0
DB09214,DB01009,0
DB09214,DB00749,0
DB09214,DB00749,0
DB09214,DB00328,0
DB09214,DB00461,0
DB09214,DB01511,0
DB09214,DB01050,0
DB01009,DB00749,0
DB01009,DB00749,0
DB01009,DB00328,0
DB01009,DB00461,0
DB01009,DB01511,0
DB01009,DB01050,0
DB00749,DB00749,0
DB00749,DB00328,0
DB00749,DB00461,0
DB00749,DB01511,0
DB00749,DB01050,0
DB00749,DB00328,0
DB00749,DB00461,0
DB00749,DB01511,0
DB00749,DB01050,0
DB00328,DB00461,0
DB00328,DB01511,0
DB00328,DB01050,0
DB00461,DB01511,0
DB00461,DB01050,0
DB01511,DB01050,0
DB01015,DB00795,0
DB00571,DB00335,0
DB00571,DB00264,0
DB00335,DB00264,0
DB09338,DB01029,0
DB09338,DB00880,0
DB09338,DB00880,0
DB09338,DB00880,0
DB01029,DB00880,0
DB01029,DB00880,0
DB01029,DB00880,0
DB00880,DB00880,0
DB00880,DB00880,0
DB00880,DB00880,0
DB00635,DB00635,0
DB00635,DB01075,0
DB00635,DB00860,0
DB00635,DB01075,0
DB00635,DB00860,0
DB01075,DB00860,0
DB00477,DB00207,0
DB00477,DB00623,0
DB00477,DB00433,0
DB00477,DB00433,0
DB00477,DB01511,0
DB00207,DB00623,0
DB00207,DB00433,0
DB00207,DB00433,0
DB00207,DB01511,0
DB00623,DB00433,0
DB00623,DB00433,0
DB00623,DB01511,0
DB00433,DB00433,0
DB00433,DB01511,0
DB00433,DB01511,0
DB00381,DB00979,0
DB00381,DB00548,0
DB00381,DB00381,0
DB00979,DB00548,0
DB00979,DB00381,0
DB00548,DB00381,0
DB00999,DB09338,0
DB00999,DB01108,0
DB00999,DB00783,0
DB09338,DB01108,0
DB09338,DB00783,0
DB01108,DB00783,0
DB00122,DB00458,0
DB01431,DB00736,0
DB00927,DB00988,1
DB01370,DB01592,0
DB01370,DB02701,0
DB01370,DB01592,0
DB01370,DB09321,0
DB01370,DB00169,0
DB01370,DB00900,0
DB01592,DB02701,0
DB01592,DB01592,0
DB01592,DB09321,0
DB01592,DB00169,0
DB01592,DB00900,0
DB02701,DB01592,0
DB02701,DB09321,0
DB02701,DB00169,0
DB02701,DB00900,0
DB01592,DB09321,0
DB01592,DB00169,0
DB01592,DB00900,0
DB09321,DB00169,0
DB09321,DB00900,0
DB00169,DB00900,0
DB01412,DB01412,0
DB00518,DB00518,0
DB00381,DB00381,0
DB00898,DB05381,0
DB00898,DB05381,0
DB01203,DB00373,0
DB00736,DB00783,0
DB00381,DB00518,0
DB00381,DB01086,1
DB00381,DB00898,1
DB00518,DB01086,1
DB00518,DB00898,1
DB01086,DB00898,0
DB01159,DB00548,1
DB00668,DB01159,1
DB00668,DB00381,0
DB00266,DB00682,0
DB00518,DB00759,0
DB00518,DB05381,0
DB00759,DB05381,0
DB01452,DB00898,1
DB01452,DB00518,1
DB00898,DB00518,0
DB01086,DB01452,1
DB00783,DB00781,0
DB00783,DB01108,0
DB00781,DB01108,0
DB01108,DB00927,0
DB00518,DB00381,0
DB00999,DB00381,1
DB00999,DB09338,0
DB00381,DB09338,0
DB11079,DB00381,0
DB11079,DB00898,0
DB11079,DB00956,1
DB00381,DB00898,0
DB00381,DB00956,1
DB00898,DB00956,1
DB01626,DB00458,0
DB01626,DB00956,1
DB01626,DB00458,0
DB01626,DB00956,0
DB00458,DB00956,1
DB00458,DB00458,0
DB00458,DB00956,0
DB00956,DB00458,0
DB00956,DB00956,0
DB00458,DB00956,0
DB00122,DB00956,1
DB00749,DB01108,0
DB00749,DB00927,0
DB01108,DB00927,0
DB00381,DB09338,0
DB11079,DB01086,0
DB11079,DB00683,0
DB11079,DB00458,0
DB11079,DB00898,0
DB11079,DB00327,1
DB01086,DB00683,0
DB01086,DB00458,0
DB01086,DB00898,0
DB01086,DB00327,1
DB00683,DB00458,0
DB00683,DB00898,0
DB00683,DB00327,1
DB00458,DB00898,0
DB00458,DB00327,1
DB00898,DB00327,1
DB00778,DB11079,1
DB00424,DB00548,1
DB00424,DB00458,1
DB00424,DB05381,1
DB00548,DB00458,0
DB00548,DB05381,0
DB00458,DB05381,0
DB01370,DB01592,0
DB01370,DB00630,1
DB01592,DB00630,1
DB00630,DB00548,1
DB00630,DB00630,0
DB00586,DB00630,0
DB00381,DB00381,0
DB00381,DB01050,0
DB00381,DB01050,0
DB00781,DB00781,0
DB00819,DB00749,0
DB00819,DB00781,0
DB00749,DB00781,0
DB00568,DB00518,1
DB09338,DB11079,0
DB09338,DB01108,0
DB11079,DB01108,0
DB00619,DB00619,0
DB00619,DB00619,0
DB00619,DB00619,0
DB00619,DB00619,0
DB00619,DB00619,0
DB00619,DB00619,0
DB00619,DB00619,0
DB00619,DB00619,0
DB00619,DB00619,0
DB01086,DB00548,0
DB01086,DB00458,1
DB00548,DB00458,1
DB00458,DB00458,0
DB00353,DB00353,0
DB00224,DB00900,1
DB00224,DB00238,1
DB00381,DB00670,0
DB00328,DB09338,0
DB00328,DB09338,0
DB09338,DB09338,0
DB00381,DB01108,0
DB00781,DB00518,0
DB00781,DB01108,0
DB00781,DB01033,0
DB00781,DB00585,0
DB00518,DB01108,0
DB00518,DB01033,0
DB00518,DB00585,0
DB01108,DB01033,0
DB01108,DB00585,0
DB01033,DB00585,0
DB00381,DB01108,0
DB01108,DB00781,0
DB00548,DB01626,0
DB00548,DB00979,0
DB00548,DB09099,0
DB00548,DB00104,0
DB00548,DB00781,0
DB01626,DB00979,0
DB01626,DB09099,0
DB01626,DB00104,0
DB01626,DB00781,0
DB00979,DB09099,0
DB00979,DB00104,0
DB00979,DB00781,0
DB09099,DB00104,0
DB09099,DB00781,0
DB00104,DB00781,0
DB01108,DB01406,0
DB01108,DB09338,0
DB01108,DB00381,0
DB01108,DB00518,0
DB01108,DB00783,0
DB01406,DB09338,0
DB01406,DB00381,0
DB01406,DB00518,0
DB01406,DB00783,0
DB09338,DB00381,0
DB09338,DB00518,0
DB09338,DB00783,0
DB00381,DB00518,0
DB00381,DB00783,0
DB00518,DB00783,0
DB00548,DB00548,0
DB00548,DB00979,0
DB00548,DB09099,0
DB00548,DB00104,0
DB00548,DB00781,0
DB00548,DB00979,0
DB00548,DB09099,0
DB00548,DB00104,0
DB00548,DB00781,0
DB00979,DB09099,0
DB00979,DB00104,0
DB00979,DB00781,0
DB09099,DB00104,0
DB09099,DB00781,0
DB00104,DB00781,0
DB01108,DB01406,0
DB01108,DB09338,0
DB01108,DB00381,0
DB01108,DB13139,0
DB01108,DB00783,0
DB01406,DB09338,0
DB01406,DB00381,0
DB01406,DB13139,0
DB01406,DB00783,0
DB09338,DB00381,0
DB09338,DB13139,0
DB09338,DB00783,0
DB00381,DB13139,0
DB00381,DB00783,0
DB13139,DB00783,0
DB09153,DB09153,0
DB01108,DB00927,0
DB00332,DB01108,0
DB00518,DB00332,0
DB00122,DB00332,0
DB00122,DB00122,0
DB00332,DB00122,1
DB00332,DB00122,1
DB00822,DB00822,0
DB01626,DB00822,1
DB00381,DB01511,0
DB00381,DB00548,0
DB01511,DB00548,0
DB01086,DB00548,0
DB00759,DB00759,0
DB00759,DB00759,0
DB00759,DB00759,0
DB00396,DB00396,0
DB00518,DB00518,0
DB00736,DB00736,0
DB09462,DB00270,0
DB09462,DB00270,0
DB09462,DB09462,0
DB00270,DB00270,0
DB00270,DB09462,0
DB00270,DB09462,0
DB00999,DB00270,0
DB00999,DB00270,0
DB00270,DB00270,0
DB00270,DB00270,0
DB00270,DB00270,0
DB00270,DB00270,0
DB00270,DB00270,0
DB00270,DB00270,0
DB00270,DB00270,0
DB00270,DB00270,0
DB00270,DB00270,0
DB00548,DB00781,1
DB00548,DB01511,1
DB00781,DB01511,0
DB00548,DB00548,0
DB00518,DB09096,1
DB01009,DB09214,0
DB06723,DB09214,0
DB06723,DB01009,0
DB09214,DB01009,0
DB09214,DB09214,0
DB09338,DB00999,0
DB09338,DB09214,0
DB00999,DB09214,1
DB09214,DB09214,0
DB09214,DB09214,0
DB09214,DB09214,0
DB00465,DB00465,0
DB00465,DB00465,0
DB00465,DB00465,0
DB00465,DB09338,0
DB00465,DB00465,0
DB00465,DB00465,0
DB00465,DB00465,0
DB00465,DB00465,0
DB00465,DB01623,1
DB00465,DB00404,1
DB01623,DB00404,0
DB09462,DB00130,0
DB09462,DB09462,0
DB00130,DB09462,1
DB00328,DB00130,0
DB00548,DB00780,0
DB00548,DB00752,0
DB00548,DB01626,0
DB00780,DB00752,0
DB00780,DB01626,0
DB00752,DB01626,0
DB00120,DB01626,1
DB01037,DB00120,0
DB01037,DB01037,0
DB00120,DB01037,1
DB00548,DB01168,0
DB00548,DB01037,0
DB01168,DB01037,0
DB01626,DB00752,0
DB01626,DB00780,0
DB01626,DB01626,0
DB01626,DB01626,0
DB00752,DB00780,0
DB00752,DB01626,0
DB00752,DB01626,0
DB00780,DB01626,0
DB00780,DB01626,0
DB01626,DB01626,0
DB00598,DB00458,1
DB00598,DB00598,0
DB00458,DB00598,0
DB00598,DB09462,1
DB00598,DB09462,1
DB00581,DB00581,0
DB00548,DB00943,1
DB05351,DB01592,1
DB01101,DB01101,0
DB09278,DB01097,1
DB01097,DB01097,0
DB01097,DB01097,0
DB00682,DB00682,0
DB01006,DB01006,0
DB11596,DB00544,1
DB00696,DB00898,1
DB00682,DB00682,0
DB01202,DB01202,0
DB01202,DB00996,0
DB01202,DB00555,0
DB00996,DB00555,0
DB00273,DB00555,0
DB00783,DB01202,0
DB01202,DB00682,0
DB01202,DB00682,0
DB00682,DB00682,0
DB01210,DB01210,0
DB00381,DB00518,1
DB01002,DB01086,1
DB01002,DB01002,0
DB01002,DB01002,0
DB01002,DB01002,0
DB01002,DB01002,0
DB01002,DB01002,0
DB00854,DB00898,1
DB00854,DB01086,1
DB00854,DB00458,1
DB00854,DB00683,1
DB00854,DB05381,1
DB00898,DB01086,0
DB00898,DB00458,0
DB00898,DB00683,0
DB00898,DB05381,0
DB01086,DB00458,0
DB01086,DB00683,0
DB01086,DB05381,0
DB00458,DB00683,0
DB00458,DB05381,0
DB00683,DB05381,0
DB01626,DB00854,0
DB01626,DB01626,0
DB00854,DB01626,1
DB00854,DB00742,0
DB11079,DB11079,0
DB11079,DB01209,0
DB11079,DB11079,0
DB11079,DB00854,0
DB11079,DB01209,0
DB11079,DB11079,0
DB11079,DB00854,1
DB01209,DB11079,0
DB01209,DB00854,1
DB11079,DB00854,1
DB00922,DB00381,0
DB00922,DB01136,0
DB00922,DB00898,0
DB00381,DB01136,0
DB00381,DB00898,0
DB01136,DB00898,0
DB00451,DB06148,0
DB00544,DB00736,0
DB00544,DB00939,0
DB00544,DB00784,0
DB00544,DB00207,0
DB00544,DB00979,0
DB00736,DB00939,0
DB00736,DB00784,0
DB00736,DB00207,0
DB00736,DB00979,0
DB00939,DB00784,0
DB00939,DB00207,0
DB00939,DB00979,0
DB00784,DB00207,0
DB00784,DB00979,0
DB00207,DB00979,0
DB00233,DB01118,0
DB00233,DB00381,0
DB00233,DB00462,0
DB00233,DB00988,0
DB00233,DB00609,0
DB00233,DB00736,0
DB00233,DB01033,0
DB00233,DB09099,0
DB01118,DB00381,0
DB01118,DB00462,0
DB01118,DB00988,0
DB01118,DB00609,0
DB01118,DB00736,0
DB01118,DB01033,0
DB01118,DB09099,0
DB00381,DB00462,0
DB00381,DB00988,0
DB00381,DB00609,0
DB00381,DB00736,0
DB00381,DB01033,0
DB00381,DB09099,0
DB00462,DB00988,0
DB00462,DB00609,0
DB00462,DB00736,0
DB00462,DB01033,0
DB00462,DB09099,0
DB00988,DB00609,0
DB00988,DB00736,0
DB00988,DB01033,0
DB00988,DB09099,0
DB00609,DB00736,0
DB00609,DB01033,0
DB00609,DB09099,0
DB00736,DB01033,0
DB00736,DB09099,0
DB01033,DB09099,0
DB01118,DB01118,0
DB00381,DB00381,0
DB00381,DB00381,0
DB00518,DB00518,0
DB01086,DB00548,0
DB01086,DB00458,0
DB00548,DB00458,0
DB01511,DB00381,0
DB00381,DB00601,0
DB00381,DB00381,0
DB00381,DB00988,0
DB00601,DB00381,1
DB00601,DB00988,1
DB00381,DB00988,0
DB00381,DB00462,0
DB00381,DB00381,0
DB00601,DB00381,1
DB00601,DB00458,1
DB00381,DB00458,0
DB00601,DB00381,1
DB00601,DB00381,1
DB00451,DB00783,1
DB00458,DB00458,0
DB00518,DB00518,0
DB01108,DB00783,0
DB01108,DB00979,0
DB00783,DB00979,0
DB00458,DB00182,0
DB00458,DB00458,0
DB00458,DB00381,0
DB00182,DB00458,1
DB00182,DB00381,1
DB00458,DB00381,0
DB00182,DB00182,0
DB01626,DB00458,0
DB05381,DB00182,0
DB05381,DB05381,0
DB00182,DB05381,1
DB01511,DB00182,0
DB01511,DB01511,0
DB00182,DB01511,1
DB00420,DB00420,0
DB00420,DB00182,0
DB00420,DB00182,1
DB00593,DB00182,0
DB00593,DB00593,0
DB00182,DB00593,1
DB00502,DB00502,0
DB00502,DB00182,0
DB00502,DB00182,1
DB00454,DB00182,0
DB06799,DB00182,0
DB06799,DB00548,0
DB00182,DB00548,1
DB00668,DB00182,0
DB00518,DB00182,0
DB00518,DB00518,0
DB00182,DB00518,1
DB09338,DB00722,1
DB00722,DB09338,0
DB00722,DB00722,0
DB09338,DB00722,1
DB09338,DB00722,1
DB09338,DB00722,1
DB09338,DB09338,0
DB00381,DB00518,0
DB00722,DB00722,0
DB01370,DB00169,0
DB01370,DB00900,0
DB00169,DB00900,0
DB01378,DB01370,0
DB00186,DB01626,1
DB00186,DB00458,1
DB01626,DB00458,0
DB00678,DB00678,0
DB00381,DB00678,0
DB00381,DB00518,0
DB00678,DB00518,0
DB00778,DB01211,0
DB01118,DB01118,0
DB00256,DB01592,1
DB00256,DB09321,1
DB01592,DB09321,0
DB00783,DB00256,1
DB00939,DB00939,0
DB00647,DB00939,0
DB06723,DB00939,0
DB00784,DB00784,0
DB01218,DB00358,1
DB00358,DB00381,1
DB00358,DB05381,1
DB00358,DB00381,1
DB00358,DB00458,1
DB00381,DB05381,0
DB00381,DB00381,0
DB00381,DB00458,0
DB05381,DB00381,0
DB05381,DB00458,0
DB00381,DB00458,0
DB00555,DB00358,1
DB00555,DB00555,0
DB00358,DB00555,0
DB00781,DB00781,0
DB00518,DB00518,0
DB00518,DB00267,0
DB00518,DB01329,0
DB00518,DB01330,0
DB00518,DB01326,0
DB00518,DB04570,0
DB00518,DB00819,0
DB00518,DB00267,0
DB00518,DB01329,0
DB00518,DB01330,0
DB00518,DB01326,0
DB00518,DB04570,0
DB00518,DB00819,0
DB00267,DB01329,0
DB00267,DB01330,0
DB00267,DB01326,0
DB00267,DB04570,0
DB00267,DB00819,0
DB01329,DB01330,0
DB01329,DB01326,0
DB01329,DB04570,0
DB01329,DB00819,0
DB01330,DB01326,0
DB01330,DB04570,0
DB01330,DB00819,0
DB01326,DB04570,0
DB01326,DB00819,0
DB04570,DB00819,0
DB01083,DB01083,0
DB00979,DB00979,0
DB00898,DB11079,0
DB00381,DB01086,1
DB00381,DB01086,0
DB01086,DB01086,0
DB00779,DB09154,0
DB00698,DB00779,1
DB02701,DB09321,0
DB00169,DB00900,0
DB00704,DB00822,1
DB00379,DB00548,0
DB06774,DB01075,0
DB00381,DB00979,0
DB00381,DB00548,0
DB00381,DB00381,0
DB00979,DB00548,0
DB00979,DB00381,0
DB00548,DB00381,0
DB00999,DB01108,0
DB00220,DB00250,0
DB00220,DB01118,1
DB00220,DB05381,1
DB00220,DB00381,1
DB00220,DB09096,1
DB01118,DB05381,0
DB01118,DB00381,0
DB01118,DB09096,0
DB05381,DB00381,0
DB05381,DB09096,0
DB00381,DB09096,0
DB00220,DB00381,1
DB00224,DB00220,0
DB00503,DB00220,0
DB01232,DB00220,0
DB00900,DB00900,0
DB00417,DB00544,0
DB00781,DB01082,0
DB00781,DB01172,0
DB01082,DB01172,0
DB00781,DB00122,1
DB01086,DB00381,0
DB01211,DB00238,1
DB00783,DB00238,1
DB01601,DB00503,0
DB01601,DB00238,1
DB11609,DB06774,0
DB11609,DB11609,0
DB11609,DB00238,0
DB06774,DB11609,0
DB06774,DB00238,0
DB11609,DB00238,1
DB00238,DB00238,0
DB01118,DB00548,0
DB01068,DB00593,0
DB00548,DB01511,0
DB00548,DB00381,0
DB01511,DB00381,0
DB00622,DB00622,0
DB00518,DB00518,0
DB00518,DB00622,0
DB00518,DB00622,0
DB00381,DB00381,0
DB00548,DB00548,0
DB00393,DB01511,1
DB00393,DB00393,0
DB00401,DB00501,1
DB00401,DB00401,0
DB00401,DB01511,0
DB00401,DB01511,0
DB00435,DB00797,0
DB00435,DB00462,0
DB00435,DB01108,0
DB00797,DB00462,0
DB00797,DB01108,0
DB00462,DB01108,0
DB00435,DB00325,0
DB00435,DB09462,0
DB00435,DB00435,1
DB00325,DB09462,0
DB00325,DB00435,1
DB09462,DB00435,1
DB00325,DB01511,1
DB00325,DB00381,1
DB00325,DB01086,1
DB01511,DB00381,0
DB01511,DB01086,0
DB00381,DB01086,0
DB00595,DB00381,0
DB00595,DB00595,0
DB00698,DB00698,0
DB00698,DB00595,0
DB00698,DB00595,1
DB02701,DB01592,0
DB02701,DB09321,0
DB02701,DB00595,1
DB02701,DB00595,0
DB01592,DB09321,0
DB01592,DB00595,1
DB01592,DB00595,0
DB09321,DB00595,1
DB09321,DB00595,0
DB00595,DB00595,0
DB00169,DB00900,0
DB00169,DB00595,1
DB00169,DB00595,0
DB00900,DB00595,1
DB00900,DB00595,0
DB00595,DB00595,0
DB01320,DB00273,0
DB01320,DB00759,0
DB00273,DB00759,0
DB00458,DB00472,1
DB00472,DB00472,0
DB00540,DB00122,1
DB04840,DB00458,0
DB00458,DB00458,0
DB00458,DB00458,0
DB00458,DB00458,1
DB00458,DB01228,1
DB00458,DB01228,0
DB00349,DB00776,1
DB00776,DB00783,0
DB00518,DB00349,0
DB00518,DB00518,0
DB00783,DB00518,0
DB00518,DB00518,1
DB00518,DB00783,0
DB00518,DB00783,0
DB00518,DB00381,1
DB01229,DB01229,0
DB01229,DB01229,0
DB01229,DB01229,0
DB01229,DB01108,0
DB00900,DB00811,0
DB00900,DB00900,0
DB00811,DB00900,1
DB00548,DB00548,0
DB00548,DB00548,0
DB00548,DB00548,0
DB01339,DB01339,0
DB01232,DB01232,0
DB01232,DB01232,0
DB01232,DB00503,0
DB01118,DB01244,0
DB00320,DB00353,0
DB00320,DB00353,0
DB00320,DB00602,0
DB00353,DB00353,0
DB00353,DB00602,0
DB00353,DB00602,0
DB00381,DB00495,0
DB01232,DB01232,0
DB00250,DB00548,0
DB00250,DB01118,0
DB00250,DB00813,0
DB00250,DB00404,0
DB00250,DB09096,0
DB00548,DB01118,0
DB00548,DB00813,0
DB00548,DB00404,0
DB00548,DB09096,0
DB01118,DB00813,0
DB01118,DB00404,0
DB01118,DB09096,0
DB00813,DB00404,0
DB00813,DB09096,0
DB00404,DB09096,0
DB00621,DB06412,0
DB00621,DB06412,0
DB00621,DB06718,0
DB00621,DB06718,0
DB06412,DB06412,0
DB06412,DB06718,0
DB06412,DB06718,0
DB06412,DB06718,0
DB06412,DB06718,0
DB06718,DB06718,0
DB00262,DB00262,0
DB00694,DB00694,0
DB00822,DB00822,0
DB00313,DB00313,0
DB01611,DB01611,0
DB01033,DB01033,0
DB06800,DB00704,0
DB01063,DB01063,0
DB01063,DB00477,0
DB01063,DB00207,0
DB01063,DB00933,0
DB01063,DB01511,0
DB01063,DB00207,0
DB01063,DB00850,0
DB01063,DB00433,0
DB01063,DB00433,0
DB01063,DB01614,0
DB01063,DB00420,0
DB01063,DB01511,0
DB01063,DB08867,0
DB01063,DB00207,0
DB01063,DB00508,0
DB01063,DB00508,0
DB01063,DB00420,0
DB01063,DB00477,0
DB01063,DB00207,0
DB01063,DB00933,0
DB01063,DB01511,0
DB01063,DB00207,0
DB01063,DB00850,0
DB01063,DB00433,0
DB01063,DB00433,0
DB01063,DB01614,0
DB01063,DB00420,0
DB01063,DB01511,0
DB01063,DB08867,0
DB01063,DB00207,0
DB01063,DB00508,0
DB01063,DB00508,0
DB01063,DB00420,0
DB00477,DB00207,0
DB00477,DB00933,0
DB00477,DB01511,0
DB00477,DB00207,0
DB00477,DB00850,0
DB00477,DB00433,0
DB00477,DB00433,0
DB00477,DB01614,0
DB00477,DB00420,0
DB00477,DB01511,0
DB00477,DB08867,0
DB00477,DB00207,0
DB00477,DB00508,0
DB00477,DB00508,0
DB00477,DB00420,0
DB00207,DB00933,0
DB00207,DB01511,0
DB00207,DB00207,0
DB00207,DB00850,0
DB00207,DB00433,0
DB00207,DB00433,0
DB00207,DB01614,0
DB00207,DB00420,0
DB00207,DB01511,0
DB00207,DB08867,0
DB00207,DB00207,0
DB00207,DB00508,0
DB00207,DB00508,0
DB00207,DB00420,0
DB00933,DB01511,0
DB00933,DB00207,0
DB00933,DB00850,0
DB00933,DB00433,0
DB00933,DB00433,0
DB00933,DB01614,0
DB00933,DB00420,0
DB00933,DB01511,0
DB00933,DB08867,0
DB00933,DB00207,0
DB00933,DB00508,0
DB00933,DB00508,0
DB00933,DB00420,0
DB01511,DB00207,0
DB01511,DB00850,0
DB01511,DB00433,0
DB01511,DB00433,0
DB01511,DB01614,0
DB01511,DB00420,0
DB01511,DB01511,0
DB01511,DB08867,0
DB01511,DB00207,0
DB01511,DB00508,0
DB01511,DB00508,0
DB01511,DB00420,0
DB00207,DB00850,0
DB00207,DB00433,0
DB00207,DB00433,0
DB00207,DB01614,0
DB00207,DB00420,0
DB00207,DB01511,0
DB00207,DB08867,0
DB00207,DB00207,0
DB00207,DB00508,0
DB00207,DB00508,0
DB00207,DB00420,0
DB00850,DB00433,0
DB00850,DB00433,0
DB00850,DB01614,0
DB00850,DB00420,0
DB00850,DB01511,0
DB00850,DB08867,0
DB00850,DB00207,0
DB00850,DB00508,0
DB00850,DB00508,0
DB00850,DB00420,0
DB00433,DB00433,0
DB00433,DB01614,0
DB00433,DB00420,0
DB00433,DB01511,0
DB00433,DB08867,0
DB00433,DB00207,0
DB00433,DB00508,0
DB00433,DB00508,0
DB00433,DB00420,0
DB00433,DB01614,0
DB00433,DB00420,0
DB00433,DB01511,0
DB00433,DB08867,0
DB00433,DB00207,0
DB00433,DB00508,0
DB00433,DB00508,0
DB00433,DB00420,0
DB01614,DB00420,0
DB01614,DB01511,0
DB01614,DB08867,0
DB01614,DB00207,0
DB01614,DB00508,0
DB01614,DB00508,0
DB01614,DB00420,0
DB00420,DB01511,0
DB00420,DB08867,0
DB00420,DB00207,0
DB00420,DB00508,0
DB00420,DB00508,0
DB00420,DB00420,0
DB01511,DB08867,0
DB01511,DB00207,0
DB01511,DB00508,0
DB01511,DB00508,0
DB01511,DB00420,0
DB08867,DB00207,0
DB08867,DB00508,0
DB08867,DB00508,0
DB08867,DB00420,0
DB00207,DB00508,0
DB00207,DB00508,0
DB00207,DB00420,0
DB00508,DB00508,0
DB00508,DB00420,0
DB00508,DB00420,0
DB06810,DB06810,0
DB00313,DB00381,0
DB00313,DB00891,0
DB00381,DB00891,0
DB00551,DB00551,0
DB00614,DB00614,0
DB00698,DB00698,0
DB00548,DB01022,0
DB00548,DB00891,0
DB01022,DB00891,0
DB00754,DB00754,0
DB00563,DB00891,0
DB00518,DB00891,0
DB01320,DB00891,0
DB00906,DB00349,0
DB00906,DB00441,0
DB00906,DB00441,0
DB00441,DB00441,0
DB00441,DB00441,0
DB00441,DB00441,0
DB00906,DB00441,0
DB00906,DB00441,0
DB00441,DB00441,0
DB00898,DB09096,0
DB00898,DB09096,0
DB00898,DB00441,0
DB09096,DB09096,0
DB09096,DB00441,0
DB09096,DB00441,0
DB00898,DB00441,0
DB00441,DB00898,0
DB00898,DB09096,0
DB00898,DB00441,1
DB09096,DB00441,1
DB00783,DB00441,0
DB00783,DB00783,0
DB00441,DB00783,0
DB01435,DB01435,0
DB01435,DB00441,0
DB01435,DB00441,0
DB00906,DB00441,0
DB00338,DB00338,0
DB00783,DB00977,0
DB01511,DB01511,0
DB01511,DB01511,0
DB01511,DB01511,0
DB00778,DB01511,1
DB00778,DB01511,0
DB01511,DB01511,0
DB01511,DB01511,0
DB00224,DB01511,1
DB00224,DB01511,0
DB00224,DB01511,0
DB00224,DB01511,0
DB01511,DB01511,0
DB01511,DB01511,0
DB01511,DB01511,0
DB01511,DB01511,0
DB01511,DB01511,0
DB01511,DB01511,0
DB00503,DB01511,1
DB00503,DB01511,0
DB00503,DB01511,0
DB01511,DB01511,0
DB01511,DB01511,0
DB01511,DB01511,0
DB00503,DB01511,1
DB01511,DB00518,0
DB01511,DB01511,0
DB01511,DB00741,0
DB01511,DB01511,0
DB00706,DB01511,0
DB00706,DB00706,0
DB01511,DB00706,1
DB01511,DB00706,1
DB00503,DB01511,0
DB00898,DB00898,0
DB00898,DB01511,0
DB00898,DB01511,0
DB01511,DB00898,0
DB01511,DB00898,0
DB00898,DB00898,0
DB00495,DB00943,0
DB00943,DB00495,1
DB00900,DB00943,0
DB00548,DB00943,0
DB00943,DB00943,0
DB00943,DB00495,0
DB00943,DB00943,0
DB00943,DB00495,0
DB00943,DB00943,0
DB00495,DB00943,0
DB01232,DB00943,0
DB01232,DB00495,0
DB00943,DB00495,0
DB00495,DB00250,0
DB00495,DB00822,0
DB00495,DB00609,0
DB00495,DB01437,0
DB00495,DB00698,0
DB00250,DB00822,0
DB00250,DB00609,0
DB00250,DB01437,0
DB00250,DB00698,0
DB00822,DB00609,0
DB00822,DB01437,0
DB00822,DB00698,0
DB00609,DB01437,0
DB00609,DB00698,0
DB01437,DB00698,0
DB00943,DB00900,1
DB00548,DB00943,0
DB00548,DB00943,1
DB00548,DB00943,1
DB00749,DB00548,0
DB00749,DB00749,0
DB00749,DB00548,0
DB00749,DB00943,0
DB00749,DB00943,0
DB00548,DB00749,0
DB00548,DB00548,0
DB00548,DB00943,0
DB00548,DB00943,0
DB00749,DB00548,0
DB00749,DB00943,1
DB00749,DB00943,1
DB00548,DB00943,1
DB00548,DB00943,1
DB00943,DB00943,0
DB00943,DB00943,0
DB00943,DB00943,0
DB01378,DB06148,0
DB01378,DB00943,0
DB01378,DB01370,0
DB06148,DB00943,0
DB06148,DB01370,0
DB00943,DB01370,0
DB00943,DB01370,1
DB00548,DB00943,0
DB00898,DB00962,0
DB00898,DB00898,0
DB00898,DB00898,0
DB00898,DB00898,0
DB00962,DB00898,1
DB00962,DB00898,0
DB00962,DB00898,0
DB00898,DB00898,0
DB00898,DB00898,0
DB00898,DB00898,0
DB00962,DB00898,0
DB01233,DB00962,0
DB00962,DB00962,0
DB00207,DB00962,0
DB00285,DB00962,0
DB00285,DB00285,0
DB00285,DB00962,0
DB00285,DB00285,0
DB00962,DB00285,0
DB00962,DB00962,0
DB00962,DB00285,0
DB00285,DB00962,0
DB00285,DB00285,0
DB00962,DB00285,0
DB00962,DB00285,0
DB00207,DB00962,0
DB00207,DB00962,0
DB00962,DB00962,0
DB00962,DB00962,0
DB00962,DB00962,0
DB00962,DB00962,0
DB00962,DB00962,0
DB00962,DB00962,0
DB00962,DB00962,0
DB00962,DB00962,0
DB00962,DB00962,0
DB00962,DB00962,0
DB00595,DB00595,0
DB00595,DB00467,0
DB00595,DB00467,0
DB00781,DB00781,0
DB01431,DB00936,0
DB01431,DB09389,0
DB00936,DB09389,0
DB00927,DB00781,0
DB00781,DB00819,0
DB00781,DB00595,0
DB00819,DB00595,0
DB00898,DB01452,0
DB09321,DB09321,0
DB01260,DB00898,0
DB01260,DB01260,0
DB01086,DB00898,0
DB09154,DB01437,0
DB00518,DB00670,0
DB00328,DB02709,0
DB00668,DB02709,0
DB02709,DB02709,0
DB00900,DB00900,0
DB00224,DB00900,1
DB00661,DB01438,0
DB00458,DB00458,0
DB04930,DB00548,1
DB00548,DB04930,1
DB04930,DB00548,1
DB00595,DB00595,0
DB01511,DB00704,0
DB00531,DB00495,0
DB00531,DB00531,0
DB00531,DB00495,0
DB00531,DB00495,0
DB00495,DB01050,0
DB00458,DB00381,1
DB01233,DB01171,0
DB01233,DB01068,0
DB01171,DB01068,0
DB01233,DB01068,0
DB00472,DB01171,0
DB00555,DB01174,0
DB01114,DB00781,0
DB01114,DB00781,0
DB00701,DB00701,0
DB00701,DB00615,1
DB00701,DB00701,0
DB00701,DB00615,1
DB00609,DB00199,0
DB00609,DB00742,0
DB00609,DB00199,0
DB00609,DB00199,0
DB00609,DB00199,0
DB00609,DB00742,0
DB00199,DB00742,0
DB00742,DB00609,0
DB00742,DB00199,0
DB00742,DB00742,0
DB00609,DB00199,0
DB00609,DB00742,0
DB00199,DB00742,0
DB00742,DB00199,0
DB00742,DB00742,0
DB00199,DB00742,0
DB00609,DB00199,0
DB00742,DB00742,0
DB00742,DB00609,0
DB00742,DB00609,0
DB00343,DB00343,0
DB01124,DB01124,0
DB01124,DB01124,0
DB01590,DB00091,0
DB01224,DB01224,0
DB01224,DB00518,0
DB01224,DB00518,0
DB00685,DB06774,1
DB00396,DB00668,0
DB00396,DB00668,0
DB00668,DB00396,0
DB00668,DB00396,0
DB00396,DB00396,0
DB01110,DB01110,0
DB00363,DB00381,0
DB00363,DB00734,0
DB00363,DB00363,0
DB00363,DB00734,0
DB00734,DB00363,0
DB00734,DB00734,0
DB00363,DB00734,0
DB00734,DB00363,0
DB00363,DB00734,0
DB00363,DB00734,0
DB00363,DB00363,0
DB00363,DB00734,0
DB00363,DB00670,0
DB00363,DB00734,0
DB00670,DB00734,0
DB00363,DB00734,0
DB00363,DB00363,0
DB00734,DB00363,0
DB00734,DB00363,0
DB00363,DB00734,0
DB00734,DB00363,0
DB01050,DB00495,0
DB01050,DB00495,0
DB01050,DB00636,0
DB00495,DB00636,0
DB00625,DB00238,0
DB00625,DB00238,0
DB00625,DB00636,0
DB00625,DB00238,0
DB00625,DB00625,0
DB00238,DB00636,0
DB00238,DB00238,0
DB00238,DB00625,0
DB00636,DB00238,0
DB00636,DB00625,0
DB00238,DB00625,0
DB00238,DB00636,0
DB00736,DB00182,0
DB00813,DB00518,0
DB00518,DB01092,0
DB00518,DB01092,0
DB00518,DB00813,0
DB01092,DB01092,0
DB01092,DB00813,0
DB01092,DB00813,0
DB01092,DB00813,1
DB01092,DB01511,0
DB00813,DB01511,0
DB00475,DB01086,0
DB00548,DB11079,0
DB00548,DB11079,0
DB11079,DB11079,0
DB01173,DB00548,0
DB01173,DB00548,0
DB00548,DB00548,0
DB01050,DB00548,0
DB01050,DB00548,0
DB00548,DB00548,0
DB01511,DB00714,0
DB01511,DB00714,0
DB00714,DB00714,0
DB01092,DB00518,0
DB01092,DB00548,1
DB01092,DB01092,0
DB00916,DB01511,0
DB00916,DB01511,0
DB00916,DB01511,1
DB00916,DB00916,0
DB00916,DB01511,0
DB01511,DB00916,0
DB01511,DB01511,0
DB00916,DB01511,1
DB00916,DB01511,1
DB00916,DB01511,0
DB00916,DB01511,0
DB01511,DB01511,0
DB09462,DB00182,0
DB00736,DB00982,0
DB01452,DB00548,0
DB01206,DB01206,0
DB00736,DB00927,0
DB00898,DB00898,0
DB00639,DB00898,1
DB00898,DB00898,0
DB00898,DB00981,0
DB00981,DB00898,1
DB00981,DB00898,1
DB00898,DB00898,0
DB00245,DB00898,0
DB00822,DB00898,0
DB00822,DB00898,0
DB00898,DB00822,1
DB00898,DB00898,0
DB00822,DB00898,0
DB00898,DB00898,0
DB00898,DB00898,0
DB01511,DB00518,1
DB01511,DB09256,1
DB00518,DB09256,0
DB01511,DB00518,0
DB01511,DB00548,0
DB01511,DB09256,0
DB00518,DB00548,0
DB00518,DB09256,0
DB00548,DB09256,0
DB01511,DB00518,1
DB01511,DB09256,1
DB01511,DB09256,1
DB06782,DB01592,1
DB06782,DB01592,0
DB06782,DB00671,0
DB01592,DB00671,0
DB06782,DB06782,0
DB01592,DB06782,1
DB01592,DB06782,1
DB06782,DB06782,0
DB00671,DB00671,0
DB00671,DB06782,1
DB00671,DB06782,0
DB01592,DB06782,1
DB06782,DB01592,0
DB06782,DB06782,0
DB06782,DB01592,0
DB01592,DB06782,0
DB01592,DB01592,0
DB06782,DB01592,0
DB01592,DB00671,0
DB01511,DB01511,0
DB01511,DB01511,0
DB01511,DB01511,0
DB01511,DB01511,0
DB01108,DB00531,0
DB00898,DB00898,0
DB00169,DB00548,0
DB00675,DB00683,0
DB01511,DB00548,0
DB00231,DB00898,1
DB00231,DB00898,1
